X1,X2
0.24947296348200998,0.6059473141287155
0.620812285561964,0.42237696128274205
0.4237654858485403,0.8630469671722618
0.6205755075426156,0.8948847721907431
0.7133317477557892,0.4842294302200875
0.1576218582026495,0.7914783705050319
0.319281080177472,0.1813640933003663
0.8749845806056846,0.4473248805825703
0.44672608995704444,0.5518035986522103
0.6278369443567666,0.21460258862722104
0.6272914747307602,0.447865377954284
0.7136779454406349,0.4718637195329481
0.5857903422640703,0.3285375526197453
0.3725608780904122,0.6985858519745232
0.6151318667840275,0.8546188583121961
0.5604944160748514,0.8931893652905947
0.6176761421565558,0.630388914956155
0.4544732702870452,0.5929788593127729
0.4914387777008129,0.8448579597983454
0.6211629952469513,0.8823811463021416
0.6366640685857772,0.5528901815074334
0.6238801258795044,0.45407897815192283
0.561485801575918,0.658799361344951
0.6547658581321284,0.40435953241868755
0.5993940940523222,0.9993642224124439
0.609739897240907,0.26205049562878086
0.6259196363142515,0.07841615137728458
0.29894622706523133,0.654349341769676
0.5779752585516412,0.6868379837872676
0.6192857749178563,0.44102015452735094
0.5255768510831256,0.39326529792936404
0.6000550177196999,0.6980056459109036
0.6152053027470694,0.8177437582339486
0.5675821667108029,0.444502164686655
0.7136164232416896,0.47657034678905613
0.2626395595390193,0.340592678773179
0.5989718372648308,0.9043154730728251
0.5656819349177714,0.3869940734639876
0.6200798147920822,0.5887578637825357
0.6030064066798166,0.9266533485865693
0.6252413644245681,0.07609052262901286
0.3113616869327776,0.3879196230864814
0.7138819335979161,0.3658118564128998
0.5273570027980929,0.4006484034957853
0.6143240711905658,0.8177437582339511
0.002371108661165411,0.20879598087697282
0.6142322762367634,0.7559673693097613
0.6186145396442231,0.16219124662138318
0.37767475068567047,0.14652368136526095
0.6005874284517543,0.4060777702914458
0.6548458998689715,0.1993931236039037
0.6315455834649757,0.41847543324878766
0.6238434078979833,0.46891378852822924
0.6033415013458993,0.6919652395754445
0.6023129265279596,0.30828129693951806
0.2706744288813182,0.5209317818752515
0.1153982224737859,0.581071075076748
0.6262141070533618,0.03757480219832643
0.362790631894377,0.6347208302148071
0.6313239763768903,0.42201173176228207
0.6264105396540466,0.05123776706745367
0.58342491098223,0.5091369502194256
0.5105690591982147,0.39177277457143606
0.6650259567450139,0.40135002864188923
0.6251798924714213,0.0972629400508071
0.1909640513028047,0.8166817931103199
0.6153154566916325,0.7433577804898976
0.2012162592324231,0.8075623728224597
0.6445460510855511,0.39203218803744794
0.6301537266325526,0.44925501703559173
0.6251496960156236,0.019325136022012607
0.6353014944511416,0.2323837884945349
0.4960064314018977,0.30960676254816716
0.6251942284823895,0.3703054165278401
0.6227051504708327,0.8171079806463921
0.5251410308939016,0.2402082020999612
0.44687072941428785,0.5782411966925716
0.9972040328887852,0.7658625456868513
0.6255376373918728,0.36792117854887907
0.45099200776916537,0.5949229343495335
0.5606963649732168,0.945641016263963
0.6538986513561189,0.5445681440670305
0.5855763824767316,0.37199507491461115
0.5486794605935361,0.4122152672770696
0.6212180722192329,0.8807917023332517
0.6022606975358995,0.3100984934837298
0.11187413357562026,0.32360425774829243
0.5140911350878973,0.34397261132614265
0.6346678029094883,0.40675060445953665
0.37752719239828414,0.22398859637798973
0.6024893126134759,0.4796349588700998
0.6032960264875965,0.7106851443986797
0.5987331703849444,0.7586164425912456
0.1447155291114956,0.8914939414466796
0.7551420945962574,0.37288026965508136
0.6055526231125602,0.2785838785519663
0.6025113645697187,0.5068013742929727
0.6974104667687125,0.3250847090660147
0.3579485841508811,0.6699937044144151
0.3233970551339382,0.3341324520314256
0.7034910615326193,0.23400293716937043
0.6351674974074397,0.24641992448417804
0.6267299893723709,0.20873796192109373
0.6016186617413634,0.26962458143695445
0.5659434823601092,0.7107751361853336
0.6088816672997402,0.41615693163317924
0.5312980848769062,0.5510331973568956
0.6066143771898143,0.12959450814539225
0.40282345981964274,0.6889179371376095
0.5825195684023853,0.5119615313384565
0.434214824104721,0.8887759175738232
0.533407830649669,0.4631629483465903
0.26632864484612784,0.4445558487154094
0.44633956808283753,0.5734214411710568
0.4471667350767663,0.5897625207587383
0.6030863440818738,0.7679641719719785
0.6251772789731821,0.09881923427838091
0.6022083628501497,0.37522935801176927
0.5978919316188035,0.2683365744771587
0.5986230164403815,0.2158743086809533
0.618944747114424,0.34199739045907634
0.5223285154259578,0.7040393737720141
0.6393820689567041,0.5310561144610213
0.6182710048269918,0.44173745339723053
0.627348188641921,0.426882471727968
0.6294823184629176,0.21895925149785622
0.30635598264411423,0.38293476952199235
0.6392297335253568,0.27862788018360685
0.1480366156965806,0.411976641034495
0.6023098034502419,0.31974349877324487
0.6259608369518034,0.05067581001296699
0.26462596154204526,0.5849206237714835
0.49293186820705404,0.11860600962226986
0.12173302185735896,0.676686464362293
0.6022095915502419,0.4545869738643408
0.27374373474603536,0.4270373162229856
0.6021784821735386,0.3546394669678138
0.6101132210654071,0.39850881646424796
0.42681013030487763,0.5712810268518491
0.6176277133226704,0.049682629537617984
0.2706252535017161,0.5491052775440763
0.6101292095144148,0.4622525203809205
0.05807331238189173,0.7580519002738868
0.7826426689179622,0.39511491734465526
0.520038089167248,0.26950305692709753
0.6003304025811074,0.49762974289950795
0.5854445583442024,0.4196688434445367
0.6023033960027203,0.39197677691910837
0.44633410075353824,0.5714014702785861
0.6022670235436614,0.3121930580250114
0.5702499048942558,0.13900069182882796
0.6131264014963459,0.35329735616227403
0.4467439351029072,0.5638534089827361
0.5763818997350936,0.33900604860212263
0.6097181529664485,0.2275642561051449
0.5980081653329371,0.5818702732506764
0.21904137596327183,0.574538422583714
0.6795704274840172,0.6213053218649858
0.35124655465229926,0.5430012097978327
0.6264013956866246,0.05462525189726085
0.5476438930625137,0.5807444943326805
0.6023985132798186,0.32727792681494133
0.926489243220191,0.4265286160244968
0.444031661493285,0.5991150799511444
0.007005164538449682,0.2017783112352478
0.7143776263484494,0.3644343383065287
0.5695269436388136,0.2704852920463085
0.13285502399683208,0.5375517684070759
0.6158845854052077,0.4124355461670057
0.614819763941099,0.9356805007255855
0.5663533191216058,0.3888659110251482
0.6096167782217251,0.46103090751548564
0.2876485019086545,0.22202369200406297
0.6034089098997153,0.6937406825379406
0.6393189193963108,0.5283317724951531
0.6681112191890596,0.4099277216582606
0.438934066769298,0.29333437007985663
0.6085499492821989,0.27406147250847646
0.6535980774972846,0.20531735489388525
0.6232192022121266,0.5774198301377844
0.2631168932987921,0.3895475530149901
0.6453738014382916,0.4225275823063509
0.44698362498113,0.5988791796779904
0.6153492797767496,0.4618190321395242
0.5486211071133519,0.4092992785424494
0.5711819738805772,0.6199612124585925
0.6180125990902565,0.2231055730638884
0.6116030464386107,0.8214468818069789
0.0426452290271816,0.2086182151264126
0.5892477772375767,0.32576430739585194
0.6252110138860537,0.37089725848500193
0.617709109244357,0.2440155269958541
0.2704910278456594,0.5919931703194827
0.615246618783468,0.5205679313063099
0.620814174422502,0.9320777610627682
0.6251359366529804,0.039064530437005335
0.6022629471327781,0.3061784439269417
0.6025143703595734,0.512552158872797
0.5977878574438111,0.7300064511512219
0.5993022990985197,0.9984105560311105
0.4241834631569207,0.7240651218228109
0.22856226983856287,0.5882807235032415
0.5995409659784061,0.9798670430607268
0.44695157587660295,0.5997508327265837
0.6186275901388075,0.1556486147512765
0.36238843024678613,0.7366739261510904
0.19009061265592342,0.44247924089077356
0.15910686122748813,0.5029442726286015
0.4431087850529859,0.6317641787580499
0.4471787373735805,0.588277531879787
0.6031445471083569,0.8615568376992577
0.6041265368195876,0.45685511628298997
0.19570211047576908,0.5570074024929643
0.2619554873392497,0.4658243147736337
0.44671021837910974,0.5482913511003249
0.6262816248230115,0.01643671390793884
0.6202266867181662,0.7184564916439569
0.1304645057158833,0.9037668912763654
0.5857481848096981,0.3352855662630466
0.6269382523167208,0.40016837499982105
0.2707124799425974,0.47919219286038434
0.6205571311942419,0.16077358442609396
0.6628183536878377,0.5485832611060049
0.004121429450048453,0.23671188355978562
0.5608432368993007,0.9519987921395225
0.602392126176869,0.3315189160256243
0.5327038982328017,0.12060219006003867
0.5011191297710803,0.6323827112274163
0.570344715340151,0.166791933476103
0.6929970997215105,0.6017898174518159
0.6674799525585506,0.46076259384941426
0.27106130076704676,0.3885938866336561
0.5965851176652893,0.4026699661153192
0.46725915373143234,0.9195581729076505
0.6271153301575613,0.2680008016118857
0.26218058477000694,0.4023690676973691
0.5786423581093256,0.4098676107479461
0.5169455376261882,0.30995722994103797
0.6393355108782084,0.5288570072616199
0.4467254609631768,0.5509915621621846
0.5979530883606556,0.6222421500604818
0.40257894103362246,0.2277682932233533
0.5856007598311047,0.3594286342046387
0.6545958707189589,0.4398003712039928
0.6051405186357645,0.6187523148181933
0.620520413212721,0.13216359298607452
0.6025186772325709,0.5758808654172869
0.4864200753829061,0.7153687609695991
0.5214840766613605,0.6285838003720619
0.6286691253282806,0.38440452273350867
0.6100945616028041,0.5628760458277347
0.4871082543758695,0.6938189892665452
0.6051965896353768,0.45997364489766085
0.6262952504985366,0.03917775683618996
0.0008187030479084312,0.2135977185317957
0.8529475383757753,0.36161965271008895
0.6264717456979583,0.07784847698698821
0.5535588734211753,0.29679537117290095
0.26216222577924647,0.4016273271785537
0.6034646534546653,0.6914672098219083
0.6660440212100982,0.532828415667338
0.5611186217607081,0.8931893652905927
0.6022471186240024,0.35250799743437117
0.6200798147920822,0.3005386907571546
0.874252590448517,0.4052719887707465
0.6383931092890804,0.5254916020493181
0.713174514386716,0.48692721994691374
0.6208141570648888,0.30954553991419503
0.34701931037472394,0.29470987241061275
0.6298774443383269,0.39951495674521753
0.9265993971647539,0.4023690676973692
0.1308960248011104,0.8396563216103359
0.6140303273383979,0.34811604689259734
0.3303669819223409,0.42752136774159766
0.4166387497650457,0.30480640881991095
0.431721664878959,0.6258526488079146
0.5239586642388915,0.5687620897326153
0.4928422231684575,0.3608309630160042
0.5962001256873062,0.2745930844377696
0.6014441921757986,0.17654385861277896
0.4862157651730397,0.56744039624346
0.6405765052072667,0.32771454786451754
0.5173013975162323,0.37091412932176315
0.6797476642296565,0.5512745236340055
0.5106535894855854,0.4006303889331126
0.6131113238877501,0.3868643244881753
0.0885808744674389,0.27688452718224715
0.41133604389285966,0.5758701734937566
0.6200798147920822,0.4276942082683521
0.633257516398605,0.5863629470239964
0.6938059404415735,0.2628516866659393
0.7395199328899276,0.49375860992054915
0.5863184656333706,0.26380322281929774
0.09586169147340518,0.6513614478021528
0.6023165260310263,0.3973211852310976
0.5983842952283522,0.271437125103547
0.6022597798007652,0.36650445040031177
0.7136454428824563,0.4596870138996661
0.4994224875391316,0.11599025852874464
0.6248416330502198,0.41803842296589006
0.6225636830254334,0.037023093356863115
0.631856642232662,0.3779084305359434
0.596356393735894,0.2234064197457073
0.6294645857370946,0.37357545837586753
0.6296513092741389,0.8134339171207421
0.6264010709728169,0.06287998632548628
0.6476048363853786,0.48067390914895264
0.5966128820351396,0.22647060180688344
0.4593307357677557,0.5286381412852259
0.6225032015724673,0.837770752241962
0.44766778520705874,0.5709511546794528
0.2321338469784912,0.3126871510057984
0.6389853040556799,0.5276974905726912
0.6271267127445926,0.27089859404146394
0.7155709607478814,0.32385053563420474
0.6214750980898797,0.9119448041234948
0.6338862107153976,0.5573423424958366
0.6162629729743082,0.3850874348398541
0.7145795752468148,0.3547917115619295
0.5897290091795607,0.44647017175142306
0.3316992261214301,0.6124736584518677
0.4609116506807145,0.1404794426680065
0.6634801650568548,0.743526012472081
0.27089606985020237,0.4147667306547111
0.4466030515342671,0.572677585457807
0.6273100977250722,0.4055368478461766
0.6265816467066956,0.15743376534091175
0.6697521286243232,0.29209552409118605
0.2895623757973001,0.3756189213308457
0.7929553842886016,0.40345291022824553
0.7763251494813213,0.46428568553706767
0.9971946560162377,0.7769175042216143
0.44689231665553586,0.5838252196554439
0.20661861796805903,0.7911994422801345
0.6176788773564128,0.27467421399450936
0.47696425918526686,0.8758159658294882
0.5797540509140705,0.47135660999665235
0.5336056197315284,0.31087439116085036
0.6303580519037293,0.43045558731474337
0.6024355554274072,0.41048251325089474
0.6021818941347797,0.3281406695000435
0.6024093052021091,0.44786429410701006
0.25116986646201134,0.6355968400553051
0.6200798147920822,0.47855641527283116
0.23562319405710996,0.5629833682521102
0.48590206579605644,0.4333504342975763
0.1604077523727726,0.8615721314384206
0.5986230164403815,0.5634327232115588
0.6140727482608934,0.478970451637539
0.6075018342790434,0.4924897029794774
0.9936289444656902,0.7296892210989279
0.6185784103183168,0.19485774516487786
0.6200798147920822,0.09708986273923864
0.5603976625674318,0.5315252354797584
0.0,0.2204063614670197
0.4476852542610383,0.5762060634622788
0.5735514424826738,0.6878128015142617
0.6177967130275948,0.341972681149889
0.40747913121181856,0.8165965340535148
0.5485993125480674,0.4100548546395783
0.4577116913851188,0.92497086498436
0.6263803067979371,0.04234454396197501
0.4972963919965866,0.11676084371722298
0.602357405674365,0.3684235285596718
0.5986230164403815,0.4617083092026015
0.6134886864503916,0.3187202527570776
0.62974983871217,0.2811663462764024
0.6234408626264427,0.2896560213192465
0.6406373720619442,0.11436131767472602
0.6313987115388917,0.4089387694354478
0.5862465096008808,0.33004771855743814
0.5613022116683131,0.8010016150949741
0.639034870766825,0.5325992140786044
0.6031103475079935,0.810931216904859
0.5422407577738568,0.3068624841295764
0.6302335814034542,0.44019200776762485
0.5613022116683131,0.7952796168069702
0.6177681464271724,0.2278447451007698
0.6208508924040229,0.9314419834752123
0.4465523873567686,0.5683558562571325
0.6100953597989922,0.6669151178030295
0.4506404074288719,0.9187390939345157
0.6637599973267653,0.5210285905523662
0.007860280513229068,0.20093443736320132
0.6206856614871785,0.9224351343181691
0.3438336934802945,0.1607731813079658
0.615186943756309,0.822724016003137
0.48645805535151954,0.7336389313281868
0.4978465320565674,0.32393297519042535
0.5986230164403815,0.45323127470185504
0.6259253322023296,0.07162283102944098
0.6204653535980525,0.8575858203874585
0.3357799171061137,0.2576791656398862
0.5826070689069341,0.45416248616641947
0.6264472110191517,0.0787425457934352
0.6263890481215151,0.057800681765040024
0.5860922214622889,0.3603003216186286
0.10314740141100087,0.7885505643793507
0.2619199755179582,0.46543141297046925
0.6140303273383979,0.5600419094112588
0.6764234339608914,0.4551930186495546
0.6108517543903017,0.3893322430199989
0.44706686550709246,0.6382907889949081
0.6308660262592161,0.24959186444284032
0.2708226338871604,0.4340519841439093
0.4556214862475436,0.57367585492696
0.2543647014636157,0.4277410850590058
0.0950027779604391,0.7922309733857891
0.9571870919884202,0.5558002788594283
0.5755571027474938,0.40362896995944336
0.7137901386441136,0.3949516625092159
0.5982132308975864,0.27030585494532566
0.6030138937514754,0.790998935626269
0.3837820202858203,0.697517191200389
0.8032680996592408,0.41179090311183564
0.6178016988330391,0.03465512082948452
0.5967099750721232,0.5873124035880697
0.606183132833639,0.08284416975522799
0.5722001994758176,0.18317310714970908
0.9261753868046855,0.42619718938812745
0.5028075320197987,0.2117013786365763
0.6101404760291756,0.45629533168721953
0.513160482781369,0.5969743236189211
0.6764742748009663,0.5866460573081138
0.6027550125807514,0.9603046568374263
0.3235431094103664,0.29349718937795743
0.4478043418883447,0.5828253043702021
0.6130432342827138,0.4467676667313178
0.6297590607630984,0.36353374784657516
0.6098885113266165,0.3049170875817645
0.5999474365953681,0.31339181198250476
0.9809268830839624,0.6031991199869497
0.26221730275152794,0.404276400460037
0.6549020552213525,0.19971722198898895
0.6272843138638564,0.3884896707800645
0.6023859334380502,0.3590594349205082
0.564340986483252,0.2523839123535741
0.4471148515278919,0.6420405409746306
0.6026274845620104,0.12510674714328857
0.4473130413798393,0.5742000162718182
0.6795492431020618,0.6482560439786216
0.565080221414307,0.38533469919290486
0.6106566052627215,0.4402225201386892
0.012732394603912955,0.19758205791916994
0.6239168438610253,0.44390653675102704
0.9972218720225319,0.7525444193303266
0.370250707802938,0.5973649505395573
0.5966128820351396,0.5146897748322636
0.5667844352280105,0.5164020464191288
0.7141573184593235,0.35044723138029676
0.4469770669605444,0.6002859269657761
0.538404995620001,0.4936083819170363
0.5970534978133915,0.7935842099068224
0.6304099955779454,0.2306531476842837
0.6795308940267892,0.6429328092100777
0.6097773406406071,0.2781130878892699
0.6753055425253616,0.6237537068632
0.26251191713528016,0.45688219757612586
0.6152711558705465,0.395559279457439
0.42430885739977897,0.4108635653696776
0.4021451386370837,0.5797861582943047
0.6079793363931433,0.3309581116390025
0.5100593789317853,0.36127165259016314
0.6448653700528004,0.3922839774108317
0.01718970295060329,0.19619781278809495
0.2626762775205403,0.3386853460105111
0.05836150999450562,0.7787912396866257
0.6000462329466385,0.4760379852825773
0.6547000839591266,0.1999458413960133
0.6660262212006901,0.522512252196103
0.6179839920921132,0.2449147511661458
0.27055856221602204,0.5749457824328876
0.6415226077717027,0.23235672946540153
0.446763215040207,0.5537440117037902
0.44661376185428736,0.5862896563141555
0.046456284777166346,0.2878170596580763
0.3370234976608206,0.609493701562039
0.6252595343902795,0.07758324083347234
0.7315327462141459,0.5343447899057041
0.4477399353596366,0.570133919903012
0.6270770344688408,0.2391252254610992
0.4470527610872212,0.6347693826319625
0.6186351849733124,0.1383173548317848
0.6178449486662407,0.25433023282594286
0.5182979138502283,0.30745918935957445
0.6158555528601307,0.3637896713205391
0.6084437793013994,0.5358327894788624
0.6049473161849426,0.4547611402460405
0.5478315415037749,0.5049034181250289
0.5612104167145106,0.8523936367557501
0.6994758871391692,0.2577918648857123
0.6259247943336624,0.06404674421014833
0.9746574636579224,0.5884777055953256
0.6744718610524327,0.5180725220262559
0.5988066063479864,0.8124456116709857
0.5698316238023774,0.15910673543488207
0.676074760978503,0.6718017600399087
0.8320050539148734,0.32453124609216977
0.512499125949632,0.3290336783050167
0.11497095885363023,0.6207416681960141
0.6015549825864982,0.13461276217771048
0.43718120263679794,0.6154143645649932
0.39146844573390827,0.7307403711730764
0.6250573221332765,0.341532600053583
0.2763658676053669,0.6224813344000042
0.6250893193535089,0.3487122354192941
0.654830470863096,0.29328114694324214
0.5874092787107107,0.8143865318869845
0.5768966919029062,0.5208914774839659
0.598338627166626,0.4197469884238995
0.5998849755100691,0.032128932623157885
0.6146361740334941,0.9276273179498769
0.531116849586484,0.2758775725143077
0.5865483636079618,0.6061039961042103
0.6264335615488515,0.0779622882593631
0.8087478991134588,0.28735377938405704
0.0019082203266069797,0.20994265056623218
0.5966128820351396,0.11626915329717896
0.990158919525046,0.7152999135297498
0.6252964406876169,0.05509138550675134
0.6302173933550393,0.4427934940158618
0.4390767997934922,0.28243603877092105
0.8774639171276656,0.44689092843643213
0.5797645377061297,0.5148435180221189
0.5978245754253322,0.7035157183363889
0.639905635805717,0.24025192977053644
0.6298984764516681,0.16249658699765143
0.7630588854844552,0.31303413154276993
0.6030439068738332,0.7892015840505071
0.5596934239480869,0.8033718687621527
0.44399876736107513,0.15635078833821436
0.6077711279227622,0.08814832210032572
0.6176143888263435,0.24638186065020973
0.6032239856079803,0.7428139296927998
0.447150464164097,0.6062604188609382
0.7156443967109234,0.3219432028715368
0.4989686208482404,0.3793741525110485
0.6251802764222661,0.014381885590284152
0.9084094771404967,0.4381714323875268
0.5973472416655593,0.8495326376117487
0.6251466314957417,0.10409195385138609
0.6185113129987766,0.035514779185207956
0.5172468260652217,0.3674724351137526
0.6016821052197506,0.3034721170093819
0.714065523505521,0.34567889947362684
0.6291847011460582,0.163494516338553
0.6177794015376545,0.3406981261716053
0.011686844687395115,0.19812176422448058
0.46153457665805653,0.9254219266245844
0.5951839767683691,0.8184662800096507
0.49266098868895625,0.34811565011234635
0.6019041573941057,0.4219384915128781
0.6140486863291584,0.6190632621227059
0.49942805317832784,0.5770435432186096
0.2078435053104029,0.6664224912323968
0.44742929275265103,0.5519351361741367
0.634675251191614,0.40826631570955874
0.39313204975346305,0.4723888239871045
0.1832078923143423,0.663676259128051
0.5969800618503495,0.7626430339790979
0.6022645776971314,0.3098558447412816
0.6211629952469513,0.8830169238896977
0.5341041603741734,0.6478639681057747
0.5402318009801657,0.24146057250121444
0.6159927438369436,0.20837283422541464
0.502834479448638,0.3649911598807538
0.6268444287650534,0.22526563358456086
0.6250721861787033,0.11627075047159036
0.599981581756658,0.751410963265607
0.6369270245291305,0.22341945483351405
0.29429214543216625,0.2996379770988665
0.4469000212287184,0.5874409062179335
0.761720087178745,0.2365860225110264
0.36895365340954045,0.671003818812143
0.6247648863534009,0.21342454076602596
0.6548435290465184,0.2701170057505735
0.6154623286177163,0.6365471457804914
0.6252326960564014,0.007676798701689344
0.6026525114806432,0.6775164966844478
0.5970205743570998,0.6668543134768619
0.6077599038759054,0.07968379218962887
0.6262980163661603,0.06859813202885481
0.6287056162017483,0.23928043538395133
0.6251982192106387,0.08847807791962997
0.6098837229325911,0.29939872585484917
0.6221772347664282,0.29981946331062725
0.5263670474639766,0.31217658402320164
0.6323690315088739,0.3732811834734703
0.19234760023026404,0.5234935086115509
0.4899839297599821,0.8471479040003425
0.4471924645787303,0.6415928250896261
0.6214016621268378,0.9000769558224497
0.6262336243157226,0.046670647017391306
0.48649262840443486,0.736059310179273
0.6096362940438774,0.09727055535770363
0.613164727820738,0.34295227257127353
0.61713459208731,0.3799117312533615
0.6391514448030197,0.5301331929975557
0.6140027892726947,0.19663301889209467
0.6399799510242902,0.8016590931056176
0.5966128820351396,0.19256246380389747
0.5923867358219697,0.21199840167446915
0.6200798147920822,0.08861282823849215
0.5974206776286013,0.8457179720864125
0.6450511673420292,0.26390790054714464
0.3797723541843902,0.2407827280902236
0.5159596390220351,0.31431591569596923
0.6185243634933612,0.052495918054672755
0.5029567020816469,0.8299711639390943
0.5913333457210609,0.8166383318108363
0.6208875930279308,0.33879130894177045
0.601650383480557,0.2865483492231682
0.6269735498446034,0.21489862957475564
0.6297324601466763,0.36034635717623237
0.6092105250297848,0.4786549141798471
0.6026226325317086,0.21265219065903912
0.6209059693763044,0.9273094291560984
0.6302690928548647,0.6585451676586631
0.59848549909271,0.39092507112136154
0.580213190492162,0.5147496944325165
0.5965473586630753,0.2647321674198752
0.6795452544031647,0.6268669274520771
0.44708292517683723,0.6251658168247791
0.5896688779318034,0.5570044602739879
0.603273285279383,0.722226821187312
0.6078833683913306,0.17279362120729433
0.5978506579847787,0.15763578257700112
0.10966435891407816,0.3189161770541608
0.6724194923767891,0.5961302502826937
0.49164432593077406,0.3561338601523321
0.5990194735420106,0.15356255790656126
0.6796049087954205,0.606360479453173
0.6453982900354416,0.39884627237508696
0.6030847870614338,0.7148986783937208
0.6229070993691982,0.7483380382590858
0.12125817522357185,0.5593416899626578
0.6265350378572512,0.8158444861723011
0.6283662461783854,0.554556370892132
0.8582692483026506,0.4562601984909835
0.2347540871023609,0.48883980841072366
0.5623249627076756,0.4790327773211222
0.6079885578610519,0.3890192195899293
0.6284626688246896,0.2321702905156695
0.7152221399234321,0.2843263622744742
0.35393544593380527,0.5985490970060166
0.27106130076704676,0.38901773835869347
0.5619447763449303,0.4124355461670057
0.45117273094541155,0.2903737534292504
0.4863547776635302,0.6605079441902018
0.5964204669566154,0.2654999788689477
0.6023917202518938,0.747698295486033
0.6396910037005904,0.5823127286562597
0.15710100891266332,0.43682068880722763
0.6317312344787017,0.5954068124099545
0.6142605899102256,0.4794391386191191
0.6346692925659134,0.40790145015961576
0.6268618495196379,0.22551977491205072
0.44741473873485504,0.5562973467998034
0.617707009640915,0.041969539528691396
0.6079670690842841,0.2874823744317149
0.6660408864777244,0.5305605645336104
0.5143267161410692,0.3230528703689016
0.6026589752205559,0.9357062888220578
0.3558776560900186,0.27992640505280797
0.6023215346848514,0.3065566944806129
0.6203184816719687,0.7804448064306655
0.48136528462397543,0.12499223163207998
0.6176816804895959,0.2772244540739029
0.17522169627811107,0.8234776728591335
0.27109801874856776,0.3879581090461001
0.5611553397422291,0.8781426290517678
0.4554237998467579,0.14536456385395552
0.49758979359646976,0.3612957909003653
0.6132905289027707,0.4792033288949867
0.27601029294579116,0.3034759694244348
0.5967413949704631,0.6222421500604844
0.6140303273383979,0.5685189439120053
0.6251544665752504,0.02242944138093446
0.6474948762656964,0.2494903300461329
0.26223566174228846,0.4045942892538151
0.6079781072391234,0.28345250864425636
0.6343541175189695,0.4182663928130564
0.48472138516183905,0.856499172857299
0.49229766927540697,0.2989980739309235
0.6185269441594973,0.06328686264468608
0.8449644174130055,0.346919358976001
0.4469271620155834,0.6028573550972249
0.5980816012959791,0.5339750283214586
0.6427391747453465,0.3938131405558263
0.6263159039012707,0.04257671296443957
0.447330864573409,0.5711607750242054
0.5967964719427445,0.6619782492827337
0.3320109330751069,0.43413704502307887
0.2627864314651032,0.34419541843599627
0.6249204157841635,0.2784277938513025
0.639118400328923,0.5327993014774692
0.29794851592944127,0.29887037863375293
0.44648835831161143,0.5725037578119134
0.6547831632312948,0.3510394831575719
0.5426089754171832,0.31211342717522167
0.5110086713723683,0.30969474904745614
0.6475145299098394,0.20035641107972996
0.5664197088619699,0.7025193249374482
0.5477770542692226,0.2577700792204781
0.48610378367129853,0.5433466515908834
0.2706941209518369,0.48819904201742753
0.6346732582638057,0.4020191389123006
0.639675781831165,0.5929277750056678
0.5683246148694129,0.669496079945906
0.6220343969449578,0.54490781793667
0.6138256740003847,0.40813555961934045
0.47290265160311123,0.8959356072575506
0.6006975823963172,0.3901833306025461
0.6148748409133806,0.9302763912313594
0.49663069088509604,0.5973163990470722
0.6031147244406286,0.8510117744431998
0.1321796806831897,0.8354811773536615
0.483715607637615,0.31723922741676747
0.5741163934399272,0.4010462207618078
0.6226317145077908,0.8293996806724746
0.36935914802546166,0.5608534857300524
0.7631754548556857,0.2916123682724421
0.6200798147920822,0.2327224147511826
0.582225479679496,0.5230110335990223
0.2629333033911872,0.3715338547009038
0.5495980551958198,0.5053348940431008
0.7081632377591974,0.6225767600253305
0.626779436927596,0.21821002973048254
0.557397948556349,0.8032473251401837
0.6100159691315293,0.27267976858268983
0.6159763803590101,0.39495166250921604
0.4127594726618151,0.6804318711753221
0.6253487092323415,0.06531609324186635
0.9263240123033465,0.4389262789818385
0.6270828900215293,0.24965960605602577
0.6003671205626283,0.48364263597327634
0.602166868226792,0.3512490624344507
0.6229438173507191,0.7303243399449995
0.6018565747853154,0.39655283983355744
0.5973839596470804,0.8488968600241926
0.5483585028117729,0.39272644095277004
0.6308504873109015,0.6577659799841216
0.631985473323874,0.2462538659674997
0.6013667853467534,0.45149747397168744
0.708876956464827,0.6361611570054697
0.12389666268065086,0.8996866645981687
0.26184421135765645,0.44641611644730134
0.9267462690908379,0.3879581090461001
0.6263817808911403,0.13021205334199168
0.6183268801966206,0.14617080916674557
0.6185966221451736,0.1944264145109354
0.5682714858393234,0.19721444019295165
0.6093390289164802,0.46227646669195194
0.36088076112599143,0.6970054394671741
0.6395608500780088,0.5560782157080397
0.6234027921197315,0.5210475507078203
0.6025412086058216,0.8675420967736824
0.6306939327392254,0.06247751307301608
0.6089107969834748,0.6267382489382802
0.6264052005801991,0.07654433446439929
0.6344604682962467,0.38977503290966825
0.5986230164403815,0.588863826713798
0.6378367044283905,0.4050798322901506
0.47189047667584133,0.5847784617694218
0.37152143117267133,0.6580972918867194
0.5902490071267852,0.6862660671465706
0.5974713678708666,0.16361099901854967
0.5986230164403815,0.3854149986958833
0.6140303273383979,0.09380501187020235
0.5980999602867396,0.5230608464017474
0.5983569861573865,0.4147667306547111
0.5918758434661711,0.19484117450964827
0.5841486585873673,0.5320308328245966
0.4864435447472138,0.7299246732112892
0.2710796597578073,0.3880640719773595
0.48607819998779944,0.5218214894686279
0.6022952927522757,0.32273625878197926
0.16950862302014558,0.8161388993152512
0.5969066258873075,0.724920230450776
0.5782121573994435,0.501275001621587
0.3948403362134593,0.22480112826091792
0.5415956862983139,0.5789025029964994
0.3859812689990144,0.5756970053132453
0.5921347644991292,0.2502977234670874
0.11975113837623824,0.8841691630999864
0.668562892461899,0.7218700574824326
0.9895384180283744,0.6281427061841272
0.44772222682175944,0.5639301548946918
0.6262930631250663,0.0667306357064828
0.4872380914051096,0.851795419685482
0.44769409730201837,0.5635186453973713
0.5668959353638306,0.6942635136895627
0.5128026398963021,0.4289282219194144
0.5963185603946152,0.26841361901589494
0.6101321279516535,0.4794883088744672
0.6548877174755436,0.22041999802999318
0.6101112577578482,0.5300533466544335
0.617878032973195,0.3488902697134625
0.5571538164025475,0.49103284732708447
0.6091536346726548,0.013659999530044459
0.6990493094413351,0.5912051756093673
0.6053924915922613,0.13307544271989297
0.26197863587164155,0.3899714047400273
0.6149115588949016,0.9245543929433553
0.5663946524673982,0.14048747175545703
0.2714131529212462,0.6040621067291976
0.6084660071664615,0.6264668892308591
0.6124959577338689,0.4100967408373482
0.6251955734608565,0.07902428845958062
0.6023942086169273,0.3974277551160907
0.6015304143163622,0.2980994092677131
0.538755854011921,0.8059961456144868
0.6023401144509674,0.31060935731208933
0.6239716720421726,0.4507213214596671
0.5881289965492915,0.14403520785302096
0.13739323295024047,0.5320980983732027
0.6216036110252031,0.9232828377682434
0.5933305037710896,0.20525198428660513
0.1680184231406553,0.46549158256980855
0.679666225947982,0.5714384289948038
0.2079500658125913,0.5797547627837338
0.679521719489153,0.6396354142382501
0.6140303273383979,0.5769959784127516
0.6613185611595135,0.7514466539491249
0.623274279184408,0.5554855033671029
0.6262467343762631,0.062367094531928985
0.5607881599270192,0.952316680933301
0.6023029389247311,0.47741828962079597
0.4466467338627328,0.5582969813793621
0.6763419747850468,0.6665693838880966
0.48137939435877874,0.8636488864184473
0.1434332871091098,0.7510080634610303
0.6023833100584454,0.3413230500149858
0.7084524544025728,0.2479152739592128
0.4187509966572349,0.14897322498171056
0.602403522437937,0.34296761739286385
0.6261196301783933,0.06415164607203461
0.06894298581005753,0.7133554253689696
0.6147279689872966,0.9362103153818824
0.6324366644996715,0.4186941431796239
0.5861673442822735,0.5656001207278485
0.6297733683931857,0.27125852798779126
0.6030762931808233,0.7563846093863449
0.6200798147920822,0.3259697942593941
0.5858387021530981,0.31946951686474834
0.5954131487601144,0.20611500124587573
0.48318153636546163,0.29426064737009394
0.4951027622478428,0.39375714514134336
0.6559461123218433,0.5427043517792747
0.11330670161686929,0.605546963982047
0.22482110598394123,0.3142223479360257
0.673474281890097,0.28372971328006463
0.6271505796239792,0.3016499287340178
0.7901015420687708,0.2597748849893212
0.604975928524706,0.45170622976284974
0.5724506153919893,0.3879581090461001
0.34679143414302566,0.5266422386757574
0.601808992176525,0.3711671881542368
0.39501504581840463,0.6171140903791683
0.4195440606549241,0.8516502224058973
0.5940425607847458,0.20417294858292534
0.07411968020913617,0.7936101563245996
0.4035044273868906,0.5795221218868449
0.6025787987299572,0.8971056632728178
0.6241004337686302,0.39495166250921604
0.7149100370805037,0.3126184649207157
0.002883854949886633,0.20768515433734436
0.6024084748267922,0.4037434665199928
0.6390027446695844,0.5287793518184918
0.6249804217820476,0.1342667224219797
0.5911834869587282,0.273217140047399
0.6171978877023087,0.3547571420960728
0.6343693920399253,0.41753431528156526
0.6391174819520669,0.5322917187543799
0.6547631260816237,0.3980117471737861
0.6021684664051185,0.3366258784957631
0.6263638219838588,0.0389560263360926
0.1033134346629494,0.3241083672672114
0.48914340846600995,0.31995213439411524
0.6017518962688785,0.45384337342810793
0.5970534978133915,0.7969750237071209
0.5619264173541698,0.4197469884238995
0.52834760028513,0.11744202611984947
0.5722871380477219,0.4223825238627913
0.3690961750127252,0.1486712296315983
0.4867698500842854,0.1943240915748327
0.6145810970612127,0.9150177291300166
0.6204653362404394,0.08606971788826545
0.6344061967618648,0.649344704187069
0.6208325160556494,0.3174927597586448
0.26249268761293537,0.36284489433763856
0.6217688419420476,0.9178787282740171
2.2551234427625744e-05,0.2218756195029572
0.48461214820766974,0.5873416867099546
0.633707006622637,0.39768605631193205
0.08657690161607745,0.2731633875729645
0.626095900392946,0.11865038225839697
0.6174875675107804,0.0752293030719847
0.6076878463225845,0.6708727624885396
0.6140303273383979,0.2887768053873718
0.35742984271395933,0.2335353752909518
0.6205755075426156,0.8976398084034856
0.4926772491479039,0.3243507992140226
0.6022566211250161,0.31150128457381343
0.6012644885043695,0.4509018719620203
0.6088518560622174,0.502227710216181
0.5966128820351396,0.16713136030165798
0.5610268268069056,0.9233888006995026
0.5981733962497815,0.48364263597327634
0.6140303273383979,0.15314425337542786
0.9157804415102714,0.43403961200958513
0.5715538392818771,0.39682434101217806
0.5830876364270957,0.4135659312614535
0.6263508387393736,0.031118688657434446
0.6155174055899978,0.5949037137955742
0.5690726270382507,0.3368511199703027
0.1897851702622459,0.8177369631697369
0.6022249379605252,0.3639625678508938
0.6279392004982964,0.2499361327756766
0.4585129864212274,0.9252730031749237
0.6253494390935896,0.08668246165880414
0.43573965758496913,0.6180507062862246
0.3033070425475948,0.19980745702642944
0.4463721013942398,0.5678755061324285
0.6384555665874717,0.5209903417791093
0.240228691523029,0.6006698672454223
0.46293521783190805,0.9248606107618589
0.5701279198197579,0.1437789866488493
0.5111839517892424,0.36270440311701785
0.6232192022121266,0.581446421525639
0.8502766702851576,0.35661453791574954
0.6372725495724906,0.5468564945213248
0.6251306932573584,0.029903412384893177
0.598747253272633,0.2739929252682653
0.6965716645721156,0.5903060614558275
0.492393690326987,0.3484959204409757
0.6299098204351566,0.4116899049752739
0.6299594700515742,0.4245244243095092
0.5615225195574389,0.6365471457804914
0.6559947091881236,0.4772381138578075
0.17261834569269102,0.5653347261284543
0.8992690809610976,0.4670526064005783
0.15038381978139204,0.8821048116071513
0.6206856614871785,0.9209516532805384
0.5667888890615421,0.276222609177932
0.4469906706465505,0.6207165966886972
0.343752292680345,0.5387104488786449
0.6176673296539696,0.24351910351422512
0.6343492630672729,0.4397890883824936
0.613062809679798,0.43842171024485627
0.7070867987938817,0.33391494277345485
0.6147812829946424,0.3993006647530095
0.47842407111538376,0.29250981774378715
0.4785570858299334,0.8709115005437027
0.620520413212721,0.12474618779792135
0.6172731127650182,0.33051736176521346
0.26205207183468354,0.39039525646506457
0.6423281116592452,0.16897630892888968
0.8583028607260991,0.37194042656664744
0.7150385500158271,0.293227248500258
0.06534035782483183,0.725015618349937
0.30041327390014455,0.37877228048091915
0.4740872888338847,0.18230560821542213
0.5977694984530507,0.7398610037583397
0.44128075018491514,0.9036221872621022
0.06890156775409384,0.7917684716755877
0.5985589350557519,0.3879581090461001
0.5840619097053097,0.5643681892552912
0.6022517294319562,0.299197526955682
0.4469539532409966,0.6008828638543153
0.532224684178639,0.4571914963827148
0.6352568828310098,0.6459849590065772
0.9985481478650554,0.7211256048611141
0.4470014284192372,0.5968451101255887
0.4534298313431683,0.9218707300626523
0.6315088654834548,0.41847543324878766
0.4478190343990714,0.5930405688091849
0.6797729158695697,0.5380919956102745
0.31582699658597313,0.670441256982629
0.5968999818030647,0.5051521322838748
0.5614307246036365,0.7112510123183202
0.41628133739760576,0.6198999121169106
0.6251668249802252,0.10080589393830283
0.5991167794905414,0.47766884475835086
0.6112040923361576,0.10868513746280262
0.7609839311145683,0.3552044501748705
0.6225399195539884,0.8354395677542565
0.6087475212578781,0.46442081963678233
0.6221910987295389,0.8980636601285219
0.4478464131552768,0.5887418988093791
0.6007159413870777,0.38901773835869347
0.6001100946919814,0.6438585880373853
0.6306255582416156,0.42510484114525526
0.6317475323633411,0.39272644095277004
0.3538935857082504,0.23652223308067882
0.6186067976458146,0.17601825088041187
0.6024060157801667,0.388747941748362
0.7542749820883129,0.41097675397934
0.6660309232992507,0.5297286944220303
0.5579447343444965,0.6954888396775021
0.3475169512769297,0.5406462253798181
0.6021798763062517,0.44057050105396295
0.5610458465990376,0.31846131877841843
0.6174687141072718,0.08940051030551713
0.6201165327736032,0.6300834069736747
0.6185346861579057,0.09311658606450193
0.5806054538114164,0.3210303127078382
0.5978245754253322,0.7090257907618742
0.4277024256897444,0.6613440932101768
0.5273450770360719,0.3990706789857385
0.6263658451464937,0.03344899706532699
0.6242103881663105,0.6607895248228677
0.5662718815334634,0.6817753569567624
0.5922213671427634,0.27424733372484167
0.6254754952500176,0.07067025340186311
0.5586859264675662,0.14326761226880755
0.46883688425553516,0.9156962555726715
0.510989142406047,0.40990691484821135
0.1553837048624197,0.7858848013323649
0.00500974004131427,0.23853957309203222
0.451333295431947,0.6105680233414914
0.6025063541067078,0.556163864930908
0.21377398777527717,0.6611073226160198
0.6368940393591705,0.5573048287256877
0.5984487811111889,0.3962232176843281
0.6000366587289394,0.7137941226685443
0.6001439712172517,0.4647013368744291
0.6185321054917696,0.08359719664960061
0.5703094226963796,0.14276903780380434
0.5847399033913859,0.5006267888373617
0.6228321339038301,0.3153731787815608
0.6256014723565904,0.40515565310621177
0.9262505763403045,0.4334162065563533
0.6023157461761672,0.3108504376953255
0.5613205706590736,0.7835177314371844
0.6000751840995925,0.4310282566514539
0.6022784808344223,0.31477569861097215
0.6263034562297826,0.03932926420291194
0.07056142022514944,0.7924833987525577
0.6251825382212035,0.10035895363529662
0.6027604584262245,0.734406061329693
0.3935650406252139,0.615092622062491
0.5047674087488367,0.3577996635656063
0.6272708370582735,0.38527760434297154
0.7184612600647179,0.5980732994815505
0.6103690045914596,0.4162426961140798
0.6315037788596788,0.4277119342107946
0.585832996349214,0.3257869486980953
0.28599956529237297,0.3768612621375456
0.6001468126735024,0.6222421500604818
0.44668906288554855,0.5523397282310791
0.6032406683839501,0.739556574120487
0.2786341999299997,0.5983519264122834
0.628986780019877,0.23448987593275394
0.6213649441453167,0.8949907351220019
0.5971636517579544,0.8272804220472896
0.6379863361666034,0.3619239610994543
0.6937972708390734,0.5900345314445707
0.6023703912851045,0.3702584613647489
0.24014452697833033,0.31726557282901163
0.6207774564409809,0.9310181317501749
0.6220784647294713,0.2661427964526464
0.5986230164403815,0.49561644720558723
0.914712311866636,0.4347609006089241
0.6234395101012524,0.5140539972447042
0.5998983029398971,0.24907369794469103
0.2858141102712964,0.3772628034427143
0.6339533152411516,0.6508656323804258
0.604754010307344,0.13465696561025428
0.6259359414844946,0.08895558564286299
0.07473128847587784,0.6970753684269044
0.6200798147920822,0.5124645532758172
0.1607064321276968,0.727136445507603
0.5511883907809708,0.6977657416824019
0.775767525337536,0.3895562554222618
0.6394684270229574,0.3617114380444887
0.5966128820351396,0.3451490848173345
0.6278832215291843,0.21963029168688913
0.6658766894163517,0.533547648776749
0.634296970453721,0.43416925122421296
0.5412423843311324,0.4886375229947341
0.752695214573546,0.42124837994585845
0.8720355634676793,0.4674680536426035
0.6140303273383979,0.059896873867216344
0.6263686942382249,0.07765576994525716
0.2498010463842723,0.4408486115954034
0.27091442884096284,0.4080910659853731
0.5986230164403815,0.4193231366988692
0.6022691286199381,0.35240263150170303
0.6345753273856222,0.3997665665072834
0.12966130941559323,0.9037373844816032
0.59955648689219,0.28027756499080425
0.4885830582391141,0.849462359860258
0.6153888926546743,0.6958863872857171
0.9266177561555144,0.3976007357906993
0.3263498370390364,0.32920462957882396
0.6031779513206611,0.8604885708847465
0.5930883929661712,0.24019389505585675
0.5558792241758349,0.22485747018320512
0.609364241934957,0.4655189266690573
0.44711749880352836,0.6197746076937403
0.45663286815904286,0.5945758575865294
0.5361432511919804,0.6507064591353193
0.6005553775919843,0.6251686787971984
0.1259557876449771,0.5486978629656416
0.6382665818692406,0.5303547481488982
0.6318317130995802,0.06670439615063187
0.6797694695449934,0.5442072008712415
0.599617332287537,0.5613293330364648
0.5981366782682606,0.5025040377374372
0.6003806784472211,0.14389647895961488
0.6178319100491435,0.18167957271126456
0.8895239045706405,0.44173389130649116
0.5616877504742834,0.5230608464017474
0.4866787422862249,0.6995911912587685
0.6175764128414694,0.2530174890377647
0.6249521758734776,0.14894122233253484
0.6078496962507601,0.14740003147520375
0.610058250855477,0.6017489918674503
0.44441876488559906,0.5715564967453417
0.6314354295204128,0.41381306427337705
0.6097014891876991,0.6255622969097951
0.3767794370790504,0.5007065037031544
0.44670703672696066,0.5484283348248855
0.6240637157871093,0.4023690676973692
0.6235313050550549,0.5035636670500305
0.6032549007312256,0.7248514966165671
0.6484515547279477,0.49227011980613616
0.6115924064910462,0.4106888852952202
0.6429096110042893,0.23672216974789273
0.7597518171537385,0.36820614991256334
0.5704148163323534,0.17288629664875976
0.252639188131767,0.5739618421800765
0.6302423641190805,0.5897660866081924
0.6298298075318293,0.20718262795972542
0.9264341662479094,0.4334162065563533
0.617909513450615,0.34837545407302434
0.5703326149700956,0.16521346503650067
0.6237883309257019,0.4810995256230523
0.5966128820351396,0.48078163682927794
0.602851211298895,0.47135211821396567
0.6453417853509446,0.3283991781765454
0.4859772714354735,0.4082098458506345
0.6150158438292312,0.3973431802139991
0.4948855465487744,0.3629707097208526
0.6229691289132506,0.26516798092623334
0.618034054338864,0.2022982463743035
0.6251660951696176,0.017931153378316106
0.5873236495199411,0.6773027874210344
0.12350151041050816,0.5538388335494642
0.50303468525463,0.2983077243208852
0.6270566393346729,0.23028418617417157
0.6003120435903468,0.5125705162070737
0.6225215605632278,0.8370290117231467
0.6140303273383979,0.31420790888961136
0.939572304344186,0.5305871675460112
0.4865651814259637,0.7143646868852138
0.6255319197514272,0.045569343147418506
0.5988433243295074,0.8308831617101091
0.3950733100266417,0.5795168963627131
0.6400670989197883,0.5563136485742051
0.6260467809764825,0.06238228378549571
0.6289846279969408,0.22478325821914308
0.6045626090415198,0.21095074096170707
0.6203735586442501,0.8074653539017949
0.618547442324683,0.15691838269278083
0.2126956785274462,0.785861845099129
0.19607507092476667,0.6783050501513099
0.6450179733775853,0.3382192060631727
0.5621100072617747,0.3885938866336561
0.6250741075369408,0.3440317747734128
0.5604026211210489,0.8477312677803419
0.6158162173211778,0.04577185169848769
0.6713678282247582,0.28621283020142524
0.49294558566515,0.8425982759836883
0.9972506475998678,0.7502179781257858
0.5999632227658975,0.7657159589856166
0.5619705403490641,0.8036023753153809
0.6237516129441809,0.49063618943639203
0.5188347313442565,0.31178336998540357
0.9017053750587118,0.4733822851741
0.4526126886903211,0.557254552608476
0.1759569131970269,0.4722705246107422
0.6025654359815241,0.8891887446436473
0.6308425461109979,0.25753251520643844
0.5986230164403815,0.4701853437033479
0.579630732662256,0.5606327711350643
0.5583296573224042,0.4123308523528427
0.40898292138873427,0.31067443119102184
0.28475718683500284,0.4043266000988546
0.44697514803638283,0.6161437708902873
0.2520705058591155,0.4342542700777466
0.22702135166958232,0.5862552473448019
0.6829685481171504,0.6459631537417252
0.602232517735407,0.3287985229158643
0.6145020512148829,0.48224154523637436
0.2707675569148789,0.4585294212648147
0.2897136779714218,0.34149358581972633
0.5929737121423238,0.14566425721455417
0.28532680432643404,0.380393747915549
0.6278317850658018,0.20626631205327373
0.4466166936629891,0.5802036329449907
0.4472408556102426,0.5775828765888384
0.6251545761235798,0.1004367318103013
0.6098143863307338,0.2874387903076386
0.7154240888217975,0.3174927597586448
0.4472770377945728,0.5767688568976714
0.5711693516926324,0.5500162165711828
0.4858221941978558,0.4726574982837887
0.6106721324938671,0.4382259778689909
0.9263240123033465,0.4391382048443572
0.3979571184431,0.5799424899291277
0.6031359972082659,0.8546224307886618
0.43647281125240617,0.616679812080354
0.6089159005424537,0.5057633354045437
0.6030638493535667,0.7360725448588368
0.29706129118418595,0.38072771767334274
0.3808083798499368,0.3858388504209135
0.7155709607478814,0.3234266839091674
0.5377375814956268,0.39948607713145873
0.062389949064624806,0.7359873788023452
0.6146728920150152,0.9314419834752128
0.6030949494799994,0.7639988710862577
0.5611736987329896,0.869983483344799
0.61859647498127,0.18880290022528567
0.6222828936833414,0.8829109609584374
0.6028188084561494,0.761356177677583
0.591659713460589,0.2649613287995134
0.6023786605955941,0.339823822553234
0.26249268761293537,0.3651760788253439
0.6022621318506014,0.3037039659322159
0.29482701721838367,0.3849257720724097
0.6120328163734284,0.010601541302551615
0.6177964550091439,0.2151078041621412
0.5965190227830603,0.14506016394111285
0.4472590360019395,0.5774174996230423
0.4622291897499614,0.5760487749266168
0.561412365612876,0.7183505287126954
0.5379880762089663,0.12623438777804527
0.15902479602375236,0.3279331573768119
0.6893002250387271,0.4616576327021705
0.4864508000493667,0.7319937281322566
0.3263902258799987,0.5351832909245229
0.6140303273383979,0.4498404609015552
0.5175398233634948,0.30924189788654083
0.6021735928243559,0.3288309022133837
0.7110771723822572,0.5076454314405401
0.6030690610760804,0.8508494332384622
0.6027154387426877,0.7116709851910965
0.2652627357581772,0.6009256570001802
0.629697516741361,0.16053071397363722
0.596295130219418,0.272398524182615
0.5966128820351396,0.319717981315095
0.5522836927920781,0.14205474389845568
0.3088449639466468,0.3852318138371332
0.6054313803051571,0.46194411963591503
0.5920430322349126,0.566752804795297
0.551158398610178,0.4106929495826036
0.5774605154320924,0.39024016612621354
0.715405729831037,0.3148436864771616
0.6482438586565922,0.3166172507633528
0.3748064616560516,0.1471347288081631
0.7699862106258091,0.23553148653993028
0.592160861116148,0.2534108664574138
0.6011640497833287,0.2944280372493978
0.6097107854939398,0.23102090552070753
0.5704323415804039,0.1648732236285841
0.6202634046996872,0.7381655968581924
0.616416072213694,0.26000152899996104
0.62546675600317,0.3651063401178843
0.5306706622606714,0.4439703603942213
0.6298803118196049,0.16875628965546768
0.48596223030759006,0.4140856669900976
0.5990819912093938,0.950727236964412
6.402470125621562e-05,0.2189729465807131
0.6629351809178774,0.5210178515028168
0.6153878517180272,0.059099417801577486
0.5615775965297205,0.5883340120574956
0.7136612726192114,0.46731092607341324
0.09264575231196326,0.28458972933421717
0.5988984013017888,0.8701954092073207
0.6178425052303199,0.2575680596156928
0.5999179564020855,0.27607249873492845
0.6137314084530267,0.497116948655179
0.61421315159063,0.4918077004216717
0.6346578455660774,0.24671409063271632
0.7142307544223654,0.35871234001852476
0.4478246224222812,0.5842220978428054
0.6006792234055567,0.39092507112136154
0.5619080583634093,0.4223960617053828
0.5137500000047518,0.33568334058033406
0.5884111894839733,0.4195194730989267
0.617885415727535,0.26935872359122587
0.4810235063595121,0.34783521493594427
0.4222621092238399,0.24463245608751516
0.6027284125080291,0.13876575669378222
0.5121414128578907,0.4237730665051389
0.5959648772182767,0.20953042873586364
0.6022051460470467,0.379831934844696
0.5703563988388514,0.17204617792191904
0.5788015979103491,0.48786823249242356
0.30391911002071137,0.3810102115307513
0.45262370807755836,0.14795912221097512
0.6722380466735252,0.5803382345858461
0.5963419644942658,0.22765414545269952
0.5566273898321359,0.29296538680394546
0.6266960860993781,0.20257142844439835
0.6424037568430195,0.13676771334347243
0.6271924517363018,0.32635404521490385
0.598044883314458,0.5570749473359928
0.6300231367740607,0.44095089444179497
0.3166828285316536,0.5367900965066097
0.5273616824542553,0.3885938866336561
0.5722853844751449,0.40417043752877796
0.1203178798686288,0.776103525666026
0.5978062164345717,0.7144299002561001
0.3257346878544653,0.6784872145891057
0.666045588576285,0.5333265636466458
0.6263870929581049,0.07417978714436546
0.602298181012862,0.6418415098023973
0.5730868798880202,0.5869379674670503
0.6204836952312,0.09401693773271527
0.16735042757559865,0.845394904232907
0.5568297386838464,0.46530039832642217
0.5997705895716289,0.1427606637675221
0.6151318667840275,0.8503803410618227
0.6026253993756142,0.6547568363378957
0.6154990465992374,0.6083610060655091
0.6549071245850834,0.20045666662116413
0.6236965359718993,0.49858340928084194
0.7150936269881086,0.2859158062433642
0.4475481465105675,0.5983835553575834
0.6262643926417089,0.046665198616377315
0.48585860134384473,0.4446440518005054
0.5920741530720287,0.2415759114855059
0.7096393674288681,0.6345175429145344
0.655435743313794,0.46200942364843894
0.5049810586939955,0.34650195668338263
0.6244597762414272,0.4174616759263016
0.5684020987820467,0.5169259655348051
0.5551376611689932,0.14321032221616245
0.6045707484178232,0.44066467480145405
0.42513590959822467,0.8666339562318646
0.548221375752211,0.1390304917705493
0.4464782309596349,0.5719957179637398
0.3627908515628635,0.22978462181956316
0.6272532459539762,0.3505059301979172
0.6140303273383979,0.43288639190006223
0.5967964719427445,0.6556204734071738
0.6398363258546903,0.43220308668237767
0.43171264348523897,0.8829794575609886
0.6263922196313839,0.07402437917560845
0.6032551593291017,0.7018588014660276
0.6743513778909404,0.6127840465485308
0.5525566312933468,0.253379772365922
0.61177405442316,0.45737929139383965
0.26201535385316255,0.3893356271524713
0.6283603403669146,0.2444331200624812
0.4858388175305647,0.47787703419266686
0.9623927550558484,0.6312767903056222
0.1949292745628471,0.8131448765309388
0.5664237061699338,0.3254667256780339
0.6023908911099806,0.3531475648176862
0.6031616469085385,0.8639816549444415
0.598751529375705,0.7657159589856208
0.6028059654533201,0.9668439660380073
0.6448504244914354,0.2543858061747598
0.5500221969754231,0.2759518189434843
0.3027995928183864,0.6583723205729144
0.5072419522604884,0.340419332175802
0.837643817561372,0.43958421272380305
0.6346162064627074,0.39410919298687735
0.6175240694306791,0.2614292337890099
0.4858435007504487,0.48064091709892537
0.6548950489454064,0.20521011047266463
0.6233109971659291,0.545948839553763
0.6342730656310064,0.4258519883579817
0.6024698708314227,0.4695092295232
0.3186043273946216,0.5362778003965241
0.634878767593312,0.3002494104156847
0.5703471873597348,0.15031025503035103
0.6301526411613798,0.44896092175843677
0.1880164357609425,0.44705302735883284
0.6795097737061652,0.6319804787412513
0.3093314068922203,0.3582957346844037
0.6022934806588597,0.38684644812325936
0.5448997800795579,0.30012090931324265
0.6030197694282498,0.9205831602895083
0.5986230164403815,0.529524585208573
0.6213282261637958,0.8890568109714794
0.5999923041210058,0.37190301886364724
0.602594659599554,0.9009051781905142
0.44744429267613706,0.5537082817554131
0.6395298641895864,0.5471198447421664
0.4568984805799331,0.7173898724725454
0.06428386205259318,0.728759138841887
0.09903837170419894,0.7906026947450884
0.562648052473009,0.7682928521306409
0.667042588189638,0.2914830595722367
0.6088378404957941,0.12136108382127911
0.6203551996534896,0.8022731702700876
0.6200798147920822,0.35987793226238013
0.6264467403825288,0.07884167624814403
0.7141756774500839,0.35394400811185484
0.6278444330841355,0.20038461043970152
0.3006753762611786,0.20324815790800932
0.6412379460096455,0.26786115388600895
0.6081476970959954,0.4229582929838772
0.4043884495756569,0.2846162088021912
0.6021845107079998,0.38745037759976386
0.5752528284704963,0.4490326023062165
0.6023170860815493,0.30996020107087113
0.2961365134130503,0.3768539901202176
0.7148549601082221,0.3163271675147923
0.6267052988043178,0.13831328680287308
0.6023000455415278,0.3070979140183938
0.620593866533376,0.9028319920351928
0.6343015857874912,0.3980351536559744
0.37344675694811663,0.5983749270462664
0.3964466920208349,0.6190295957645864
0.6335722134262272,0.3064999406959967
0.6024451712456262,0.7988631493544323
0.5670187149354965,0.3903026799562493
0.6140303273383979,0.5854730129134982
0.6271487436611038,0.29404855711798317
0.6170391925578785,0.2087404009431182
0.44675885386648184,0.5653953069869448
0.6313436345666102,0.398448439240774
0.44978617207354477,0.1506550124106915
0.36794390827692547,0.6982715757653615
0.5929580570926907,0.5665740485471309
0.6158478674236867,0.4223960617053828
0.6346824269465244,0.41607633540494104
0.8233888486282348,0.4540876961405769
0.6344195169060525,0.4398539835449686
0.60229843833079,0.38962353838370256
0.11002032896240266,0.3260699470685421
0.5156403570167764,0.3585369363754576
0.8345474090701677,0.32879823295231014
0.6392462800595906,0.5272641059128194
0.7461274072484829,0.45939561532666334
0.7118543966015571,0.5013984989770319
0.37503640611712497,0.5990357660246213
0.637042821877759,0.4421286136078851
0.3667690912102154,0.2863336622958862
0.6225766375355093,0.8345918643041819
0.600091735701221,0.6664286923956229
0.7173288049039132,0.34230762908191725
0.625250280853425,0.0034855584371044773
0.17702234893978014,0.6846566332141302
0.30918637590475984,0.5397145151510638
0.6645334285193847,0.7394067473366699
0.6786938769294124,0.5212832152838291
0.5990269142371123,0.9294286877812867
0.4466191170142975,0.5873736934543261
0.4414704033090011,0.6354746876444346
0.7190832990886002,0.5951722670742223
0.6031502470417507,0.8640605170144684
0.24820743017443708,0.6055112819391657
0.6174399050684775,0.28033772830993714
0.6044803510681007,0.5511771530735172
0.6795209518207762,0.5262945201979432
0.759275168308168,0.3726795129678572
0.446611338502979,0.5708544871665924
0.5970902157949125,0.809478649595722
0.6110036053937853,0.487314653860116
0.4469285802058798,0.5998821831448344
0.6210734178985278,0.21126771576548908
0.6197370126610432,0.196347188803988
0.5967230359797026,0.6081490802029936
0.6079803796551457,0.364273912035444
0.7006916110172487,0.23102337851611726
0.6140303273383979,0.20400646037990683
0.2707308389333579,0.47484771267875175
0.6140303273383979,0.3735471503948368
0.6457227113360277,0.5525424230298808
0.7069863008300921,0.6051145085113105
0.6179267780958264,0.2681882245688689
0.5699785518495607,0.16448960309452892
0.19218314854166507,0.4377994914914551
0.614966635867183,0.9127925075735694
0.6674836635263849,0.4713413725993935
0.3182122127463386,0.6724527463842482
0.4291370269027147,0.876759145823117
0.6907261282422085,0.5903905855755969
0.6185680876537721,0.1889929186081094
0.6104881010712161,0.3764277805248675
0.5483768618025334,0.39092507112136154
0.6805314144035408,0.6535360363298486
0.5922203112431264,0.259945382341705
0.6439108511049794,0.24976816280882652
0.4470342173077825,0.5987974415769748
0.6186016363135423,0.18325827900292346
0.6410313438034738,0.5231118970888016
0.5748946063581034,0.4767257278689219
0.5998724697701276,0.47703375978909496
0.6762008494650236,0.5185182549759026
0.4477201923689974,0.5752718844519231
0.7145979342375753,0.3519307124179276
0.327639123868427,0.41836592797610495
0.6236965359718993,0.49752377996824865
0.6007242492872531,0.29033281350604506
0.5246119034685656,0.2882794220042205
0.5934935072095602,0.2048388395487945
0.49450225158364985,0.8403744353186622
0.6262199717887298,0.029960501924251107
0.6257065903595755,0.3919507663418755
0.4154466099604023,0.23702331027951096
0.6031017976079026,0.7887381478929196
0.5059253115834758,0.6072028821276196
0.9265443201924723,0.4124355461670057
0.6023140418824589,0.6500914678329854
0.618611958978087,0.16708281585775098
0.6033994990378898,0.6955102926096346
0.30384290506601946,0.5427328972541794
0.6255071646032696,0.4078984684944865
0.3588886523196119,0.5971028979910777
0.5189644327808308,0.3032498540244545
0.6590835212991302,0.7589434437011318
0.9263974482663885,0.4376547238067266
0.7145428572652939,0.3600898581248961
0.6271443374778016,0.29026626795275395
0.5702358426575704,0.1901937736713304
0.3477689488845384,0.6789160138101866
0.6100707729717602,0.5860328537132582
0.5142971455908812,0.3468251201276679
0.6303085331382151,0.4320376570640118
0.6147646869688176,0.9372699446944754
0.6271857007525841,0.3095728314722437
0.6022628146080881,0.35447746063818186
0.6660356253978112,0.5331304711226215
0.712541430569219,0.46889113444076386
0.6224848425817069,0.8395721220733705
0.5618162634096069,0.4547147557394788
0.4919580098909894,0.34946565581232875
0.6022896188333692,0.3066144431871962
0.474471515594887,0.8857754304865353
0.6209977469724938,0.37185174349468175
0.6241187927593908,0.39378607026536333
0.2619507468215309,0.4653965943083623
0.6186353321372161,0.1454243501550652
0.18292261120221076,0.8239786533422251
0.5207453488603273,0.3120406178917421
0.570403132833653,0.1761090867036902
0.5618863775989127,0.7834396606769549
0.6298101353649271,0.23189295686926592
0.0970113953369387,0.7914698155310684
0.6023661027503292,0.37846839808142313
0.7149467550620247,0.3094395769829358
0.29246886652466125,0.37590822330822266
0.34978464529395753,0.5423757219374246
0.5607698009362587,0.9515749404144855
0.606888454993941,0.07121889609561943
0.6023516320065945,0.7048742119718414
0.6263123801746704,0.04348354391521696
0.6023499423878483,0.3191701312307295
0.3283462862847706,0.5351585205464862
0.603126651920116,0.8265114604718435
0.5314653037750308,0.48419110139100957
0.4007674908965163,0.579944231770505
0.1787516931681281,0.8255407660241267
0.6210712002931489,0.895202660984521
0.6481846022218656,0.4191124199258766
0.6153508829823946,0.45600682892608696
0.5702089124931454,0.13858299233751803
0.4466345441963563,0.5838170900788919
0.6130085812770336,0.467699931154333
0.6253507984018511,0.0638356347413159
0.6200798147920822,0.12252096624147812
0.21001191360411203,0.5727613047550408
0.5604209801118094,0.8569500427999037
0.6267464718907793,0.21231916958259395
0.6000217843142883,0.39841411312277186
0.4477031682834083,0.5774030182816909
0.6448911229073442,0.3404093057066812
0.6393854446491656,0.5302191782445542
0.6206702376234491,0.4391494842380866
0.6174352014554148,0.27760735956758525
0.6147646869688176,0.9372699446944754
0.5896443709248655,0.32142790368111085
0.6186095254758545,0.18480337870540298
0.6397170641232489,0.5857471769560625
0.6016662443501538,0.29501023311627506
0.62497561612883,0.13982018231467302
0.7141022414870419,0.34631467706118285
0.37934864037993854,0.6982625443038206
0.6028193282017532,0.9671315536165062
0.6031388471749629,0.8573577514838977
0.6368102670182708,0.43675443708791023
0.7619192962115754,0.3428303345794605
0.6031361970636258,0.12019479522918869
0.5699302180397859,0.16695688443807732
0.6030816207992639,0.8506119055265435
0.6283201967985375,0.23034519803902115
0.5277191824489591,0.4143587418609201
0.5836899738606574,0.5079834973172299
0.6152927909815535,0.3678302386990536
0.05791335091364369,0.776910720365803
0.5973839596470804,0.8484730082991554
0.7631267563302538,0.3064261043509647
0.5704073070975832,0.15741191632328042
0.6251388673613603,0.03427307802993004
0.5806434842874338,0.5145499079116549
0.6411875222941154,0.3599445929335705
0.6297641279994227,0.3435513086013452
0.596214055409292,0.27549000427197545
0.2690343802241909,0.6266136261002875
0.6402063137997237,0.2279365957580381
0.7138268566256345,0.3801168521329095
0.6261379158240123,0.06389598316718495
0.63441633478179,0.4331372511068465
0.654885684726732,0.22517578647845704
0.7146713702006172,0.3385793830792519
0.598678093412663,0.7059528657553582
0.4835860640637295,0.19116226776616463
0.5168723568554009,0.11361492475379381
0.592665594728172,0.20875156609456635
0.3151334050802127,0.7463159529903629
0.6270456662849403,0.21768213152431293
0.6200798147920822,0.4107401392668591
0.5453997859181524,0.23550441829983965
0.30963295857692197,0.30100703699475717
0.4682905943913891,0.33664931395485653
0.5962381275001509,0.27880148103615565
0.6549062200352859,0.21461036058421873
0.15228017544153133,0.7685781295584477
0.6206122255241365,0.9076003239418626
0.6925653202850873,0.46300887888717607
0.6285486178323534,0.1641469351917668
0.4753729514958731,0.5834437892473578
0.6026990634658552,0.9492846033086737
0.44263616372935743,0.28203536342182334
0.24755912539556985,0.4475205233624609
0.6131138695963017,0.47883154153571955
0.3074931411393529,0.30508169069471636
0.47482270360569456,0.5812453862930769
0.8996643618227937,0.4904269517868423
0.6179593529187953,0.3452115651511029
0.44166086455942866,0.37921061991916805
0.9504312570109978,0.599975860644536
0.6231824842306056,0.5986124163896507
0.6176620567051976,0.24373422475553014
0.6956798387570818,0.5901458198807106
0.6055434184215474,0.6546660469858836
0.6320997204580058,0.19144688837932838
0.601412470436605,0.15962009082656523
0.5703505570895012,0.16963098156152961
0.6254642014125863,0.06951183336184041
0.651937785939728,0.778890702606928
0.6344014956144105,0.39392271179408034
0.5391734551721995,0.3102728123696376
0.5920576088585193,0.2314140664503661
0.580483929340682,0.5141771694789339
0.5938693328365414,0.22658536863137102
0.7617486059872185,0.24215365991891258
0.6073561196433088,0.6246526146409048
0.6264991163997545,0.20894005979407743
0.5949932989736142,0.2071706500643145
0.6251746654749428,0.0999516767809174
0.5616143145112414,0.5631148344177748
0.6386088433857887,0.5007564747674318
0.6111330272159924,0.19692709969255973
0.2672246736597472,0.59851287051024
0.6386229883719304,0.6199300109288297
0.6022678658175681,0.3536653007790734
0.6385681775591964,0.5033837198298128
0.6659822455134996,0.5334460634897944
0.1740112492373695,0.4761025705599861
0.6383393342694607,0.5278793546102074
0.44770854633301105,0.5772786843555244
0.38093333870608037,0.3597727667616528
0.6024555556456191,0.45511438924097497
0.7147631651544197,0.32215512873405555
0.6158662264144472,0.4197469884238995
0.24289407844272332,0.6402624264016392
0.48597893036691203,0.41120073788599576
0.6097848421278071,0.4188606571266207
0.6262949815706481,0.041080552558134587
0.2812433064229448,0.4113451907906172
0.4860956903541401,0.5301233244138917
0.6099866451009537,0.4573815285030423
0.6262583904889679,0.06358132959946991
0.5859171848183818,0.27264799823191027
0.6018948216744645,0.6276492529774502
0.5608208953618201,0.8104577242908859
0.6023942183730575,0.7408258555618161
0.6206122081665234,0.2005096836483432
0.5631241065950636,0.4407884064539596
0.7079833598273293,0.613237531380197
0.638605882677771,0.5465825523837986
0.2611185520659111,0.6044796748049481
0.6271197363408635,0.27369042353978285
0.47068349908369167,0.9090635514217351
0.62975562570344,0.27615971378684206
0.6179430889296753,0.34679500951364955
0.7623666077149909,0.26158823385776836
0.48642177884075516,0.7211743980981633
0.6555932690778513,0.7693939063446968
0.567267660701386,0.5438768206463438
0.6679609838344631,0.4215232273563984
0.6357367577869856,0.4120055069958906
0.5920528189708588,0.2820147692236871
0.36134179590632864,0.6670196012824912
0.5536222541439622,0.41166276889772063
0.6150584308209855,0.8847123307898463
0.6290002388477092,0.2370097903580588
0.6385019192847258,0.5098404712671165
0.5871925230846146,0.5660571420672385
0.6737741678612259,0.6072593552324295
0.6096420730383286,0.0862195397999671
0.3807716618684158,0.38329574007068956
0.6395567737442517,0.5492035867586347
0.49572374192082047,0.3244179935936424
0.35059117047973853,0.5543826362154347
0.48629118340200334,0.5885647713873525
0.6219707908404131,0.8942489946031862
0.060366910904470106,0.7837970200615372
0.5681670958455581,0.2734069320777499
0.6239719208333068,0.4223960617053828
0.5106241361704962,0.3880640719773595
0.5150585115541773,0.7055227625165177
0.6338656726062366,0.4249138481281806
0.44736686815867543,0.5656249723230908
0.645805659677613,0.4595933978629659
0.4857941395610931,0.4559746881678896
0.7145428572652939,0.35924215467482146
0.13585467038500176,0.5338107565977506
0.5961906252340949,0.27248135597557976
0.5519970767295541,0.29855141896048976
0.6394186767146559,0.6038483354612987
0.1780824117716458,0.8253400732536467
0.4603141499210522,0.5750383954371261
0.9891090805381837,0.7113822985974678
0.35455537239543355,0.672967807546339
0.6223196116648624,0.8765531850828774
0.11990539642203019,0.8823280796322917
0.2256014474999427,0.6516778999455459
0.602346753964359,0.353847021622337
0.6174585658331192,0.09916535429513779
0.6947550408460678,0.5900553098769581
0.6298954715613209,0.16044012852743897
0.6507247546700724,0.3131208154150247
0.5854651231210051,0.4833459828440874
0.6211262772654303,0.8855600342399217
0.7140288055239999,0.3467385287862202
0.6251694384784645,0.10094500661087835
0.3042043934139399,0.3675273523013306
0.7618325282025877,0.23575926665323071
0.9267095511093169,0.3885938866336561
0.6054034227231595,0.44657028678346117
0.5703797658362522,0.17746844611310317
0.6239651065833486,0.21595916997705478
0.6684607933150967,0.5713813385820947
0.6231457662490846,0.6125995233158823
0.7627075275028886,0.32731178460629845
0.5966128820351396,0.336672050316588
0.5273433234634948,0.3901833306025461
0.6343847877521954,0.44060814605286674
0.6469089107915571,0.5514702891272378
0.6227235094615933,0.8129754263272782
0.9965834086388339,0.657779929001747
0.7140104465332395,0.34726834344251684
0.6264102256382319,0.0785273478203154
0.5818380872782262,0.4176653425427998
0.7139553695609581,0.35267245293674276
0.6268783320380462,0.22571016877325228
0.5981550372590211,0.49286141099283803
0.6648238018198568,0.29427017202168754
0.6149482768764225,0.917136987755202
0.44622395331445286,0.6018922999903562
0.6024718967424925,0.821902465938408
0.5258514407013452,0.5760836736965746
0.1482209154487718,0.32928228639081875
0.6667534225234168,0.562105156893218
0.6083950746994972,0.4833707759695099
0.6294705144380419,0.21236980457511861
0.5022235598093188,0.3531286416558595
0.6216770469882451,0.9245543929433551
0.6678388739768734,0.4279877472099056
0.9266544741370353,0.39272644095277004
0.6622832109052782,0.5455203267301427
0.6130570954849858,0.4354277988868504
0.2624559696314144,0.3728054098760157
0.6454357278016929,0.4013304482732017
0.6264301974997516,0.07939235870111025
0.5390548043345986,0.533033092347952
0.4697969096511344,0.9125918293597219
0.6218422779050896,0.905375102385416
0.6029405371603715,0.7871997106307198
0.5484502977655753,0.3879581090461001
0.21584132754283386,0.556670569905868
0.6272966209194893,0.4029605589966396
0.6023926340974655,0.3618564255750302
0.625474833388973,0.0719341201323955
0.6200798147920822,0.17338317324595715
0.6177454441115671,0.2469537213732974
0.7623322514477269,0.2605576854961817
0.6200798147920822,0.597234898283282
0.5993573760708012,1.0
0.39183646390156174,0.2215042011553643
0.9267095511093169,0.38901773835869347
0.6168718250761039,0.1964402699343264
0.5093407812919108,0.40783443584159046
0.447818978131844,0.5961361283141733
0.6262968825279022,0.06474643357681809
0.6473187508117693,0.2235196274381201
0.626354621482386,0.07659113336855028
0.5988800423110284,0.8594931531501284
0.6373896946804943,0.24418363057743192
0.17002556492707904,0.5667794867268425
0.7691261665382325,0.23482879373755772
0.6179625368435057,0.2568211916299469
0.49660624527728414,0.3019600895525639
0.6145994560519732,0.9191502834491303
0.5699795151584902,0.16515996065167105
0.48641452353860226,0.7174099362770465
0.33225540084923283,0.3193489846736208
0.007046089030897318,0.24230248160541812
0.7136287700610328,0.45407459112753784
0.5651307229825577,0.3853951535698699
0.6797687688188185,0.5420630943329161
0.6395914856457835,0.5611808040909769
0.038337069055288886,0.28007587263458944
0.6021867235982784,0.35893035178341387
0.4859187658553784,0.4313132086435491
0.5887709278438685,0.45671317997457145
0.6826243195192628,0.6472284368654428
0.5106424951612567,0.3879581090461001
0.6022195500984351,0.3262723877956599
0.4998652358344574,0.35011368050483616
0.5652493517510092,0.49009901538475936
0.14051135840926787,0.8970979125556344
0.5703091732487782,0.14187897519328257
0.17903707774163463,0.6992903675267532
0.6153705336639139,0.7029859036800923
0.9246231457083469,0.4248326958177325
0.28148734512103724,0.5674099536945234
0.5916256680701711,0.33898595971860596
0.12937249516234922,0.7074881012139818
0.5748258074595068,0.40229533797451106
0.4470385183365899,0.5979564901375756
0.5156415088987614,0.22742830071981118
0.714138959468563,0.34949356499896284
0.6639437162252384,0.5543912410639513
0.7644141632867308,0.2325864792762442
0.5931775075425815,0.20576071956567638
0.6834324258899358,0.27282719972324077
0.6023529727220231,0.39219731739611347
0.6265807084705195,0.16118468339995942
0.7087322512007179,0.6363071532000553
0.1720839442684725,0.4798286535779707
0.6271355251111972,0.2814301344471836
0.25072013779882235,0.6062773833870057
0.5991921451539568,0.983787671517323
0.6143306074596017,0.4902496186740026
0.609721657631169,0.24953558045763746
0.44668199061140956,0.5514646176729512
0.447433197917702,0.3704692752536522
0.6140303273383979,0.16162128787617436
0.3807533028776553,0.3797989633391316
0.4780722167214072,0.335075162178842
0.3351788308597979,0.5630380558349433
0.6157518994262363,0.39358229510687226
0.646510351413276,0.46939578479276706
0.5268206124996111,0.11659130182517988
0.599908145793616,0.806087835795422
0.6021888921372107,0.3065704149724351
0.6213282261637958,0.8877852557963672
0.6134541589941943,0.46850648789010246
0.5288038596703917,0.3876757329603238
0.626646638544153,0.18737736234700564
0.6215301750621612,0.9167131360301648
0.2637070418045341,0.4522352542233748
0.5750590409800321,0.3962558238073209
0.6096184460568204,0.11305235670986363
0.4808167808285313,0.29333283156733536
0.30734412629851693,0.5964155037855308
0.6250268985001403,0.33047627186167083
0.6215763671472108,0.32386555384235727
0.6821635952489925,0.5907186678432772
0.7151145647273951,0.613254272369073
0.3844678338589693,0.343324367537923
0.6871090080965555,0.2691481624775009
0.28533977982954806,0.3870044426647662
0.6248611421049872,0.2340008946021535
0.5986230164403815,0.19044320517871383
0.6024568404444925,0.43740294250917405
0.6253529894091777,0.06478513577073733
0.6944382755384665,0.594914771022748
0.44716935924356505,0.6085089060594022
0.6211446188985777,0.3879581090461001
0.3283644550995176,0.6804987039907247
0.6262615940802103,0.0680630609682843
0.26304345733575013,0.3874282943898035
0.6278273851658699,0.20915103384251554
0.6238434078979833,0.4661587523154866
0.5854731601287853,0.4807090489042611
0.6155541235715188,0.5692606844308159
0.033866524001687326,0.20127798467478736
0.4473850485503724,0.5639761143196638
0.6239902798240673,0.4172038780736756
0.6022628031781289,0.3365446845126725
0.573198150113572,0.3420784173918846
0.6343753161774796,0.41800689745459463
0.627074124258164,0.24160006986220595
0.6270444231898489,0.22476466194235012
0.841081389351585,0.4423635436849998
0.6287053259379568,0.16897949633521955
0.6035653760071075,0.05856604760237438
0.9879863084506411,0.7073365684491904
0.5966128820351396,0.13322322229867198
0.5955929777214619,0.5654020022150761
0.6023802145663342,0.3384106758810438
0.6029688740679386,0.7905160750521323
0.6019200182637026,0.4304003754059849
0.6186172674742629,0.17394333652163566
0.2631536112803131,0.3880640719773595
0.5683158354549325,0.3279882257870454
0.6152970977008719,0.7559673693097582
0.6022517409091528,0.35303363221956857
0.16266280753026674,0.3272715218429576
0.6176539924404252,0.3510321915974394
0.6346836858587818,0.40859157777522365
0.4433776169378275,0.6071854657390423
0.6441396705626155,0.2472169140335495
0.6275192408584227,0.6007482365493615
0.016900452468478155,0.25660172061564224
0.9797180808110961,0.6803717680236303
0.6130974626854782,0.40371426475812794
0.6106541147640715,0.44231224464629076
0.16187785699398305,0.8013939536752543
0.3987384496056888,0.7292569824285731
0.6145810970612127,0.9171369877552031
0.6022848182644289,0.6250237049474427
0.6533286327435467,0.20632459754658522
0.6923040502991733,0.605068396269461
0.47942008597963515,0.34486680529991076
