Y1,Y2
0.46721185742785726,0.3133506028186479
0.7800442942491899,0.8124244089597223
0.270183606265579,0.2960918335011218
0.6602564102564109,0.4905647847429916
0.32397596228277337,0.5100115343430832
0.32760262588791206,0.33514452147235463
0.31707349526834844,0.8638726504579959
0.4617175473134685,0.8441608986575653
0.5363038559911573,0.4880820315226035
0.6488710053260756,0.48737782935317264
0.583180412215174,0.2594121787314716
0.34737150986808096,0.4907694368117007
0.573521498214311,0.48461656145214616
0.48728875932503685,0.16859022664116008
0.2371794871794865,0.4905647847429916
0.7051282051282044,0.48799395273951
0.26786693538744566,0.7011597312166687
0.5986567390053535,0.0004067925591190735
0.6238796754991932,0.2769937845738858
0.4487179487179493,0.48799395273951
0.2998520632768897,0.53947323361821
0.29487179487179593,0.48799395273951
0.025641025641025772,0.48799395273951
0.8711904858699138,0.4883765251240395
0.46794871794871706,0.4905647847429916
0.6257776152859591,0.4895331085273874
0.3373866721162212,0.48915702756868495
0.3654938875301651,0.22247878396585663
0.46906837137782403,0.26415753155162697
0.5184914671233952,0.42080045024914114
0.3251191618307303,0.3104648822217938
0.0064102564102563875,0.4905647847429916
0.1858974358974354,0.4905647847429916
0.38446246349722535,0.1797163866235424
0.33734918116092594,0.4972973282642514
0.4423076923076934,0.4905647847429916
0.7628205128205119,0.4905647847429916
0.45356658507244024,0.4613953347132431
0.9999999999999996,0.48799395273951
0.31318602396360384,0.48764413776765025
0.5838921382585435,0.4879674833299224
0.3967347969445159,0.31141291528386855
0.35897435897436036,0.48799395273951
0.3857051804947347,0.4857851028959865
0.794871794871794,0.48799395273951
0.5543792414870521,0.41619346076767694
0.8653846153846143,0.4905647847429916
0.34242620822759395,0.4868892236605889
0.4502140055598064,0.8896439850735696
0.3653846153846165,0.4905647847429916
0.48774485780245913,0.49185803705827336
0.4807692307692318,0.4905647847429916
0.326923076923078,0.4905647847429916
0.4552977928988492,0.4907272980298576
0.43959782889591326,0.489212436902264
0.22446824650452396,0.48787589455887737
0.28361957973096985,0.5647681920609716
0.3560160782760977,0.48803535754809274
0.1885058591009683,0.3746757033198317
0.6976100292034402,0.6548608229908688
0.5800392265045733,0.48674122182140317
0.5569579349097868,0.4508768726295587
0.4294949893971921,0.49011618102785065
0.4834399371114058,0.42067742988040147
0.5438690935533026,0.4865255510551089
0.5547570094582206,0.31291136031427513
0.10256410256410237,0.48799395273951
0.5809700628463704,0.24289432387531448
0.48712640429271814,0.5149473574372048
0.5049708611364271,0.48814595259976007
0.5715088471862674,0.48569755908324935
0.6615358335528685,0.4095481302635138
0.27215386750390014,0.8109106257238928
0.5293933841144655,0.48777360140756676
0.37179487179487214,0.48799395273951
0.7502475082951265,0.9288841022178094
0.5870237650254757,0.48736712777986513
0.3977228436438711,0.4868817681357972
0.5338073469332492,0.4874295004881113
0.6047868364506587,0.0005084906988988003
0.5641025641025633,0.48799395273951
0.42583472906632214,0.640054991147174
0.6866602833085195,0.485967736987839
0.35118287094051975,0.47411329769580307
0.48076923076923134,0.4905647847429916
0.44984711039613473,0.48676561921956013
0.19793568281372237,0.1767309457452716
0.3146161896850196,0.45914604922273194
0.4491639968105719,0.4866042375292268
0.5049860132282182,0.22374451806799112
0.1712964389565242,0.48724523487012295
0.6076857850026214,0.485181240654813
0.9230769230769216,0.48799395273951
0.3928106626178449,0.6390289962784648
0.31904310308274614,0.006626556904516134
0.5492812155642453,0.4147360586962763
0.13928420645529987,0.48757304829789977
0.3058083284981137,0.04623257500962452
0.6670986668360056,0.01283834700444314
0.7852894496916205,0.07451227937562183
0.5464724446455902,0.6096817058211587
0.46938382583889615,0.5593611254506571
0.6051179386247638,0.4904334023799973
0.9990834598610387,0.4902149697711318
0.9866170390164176,0.421307371333134
0.2593296584075738,0.5546394644442115
0.8501532401940429,0.12593297157422467
0.6020849147593584,0.4062991309784318
0.5770323490686265,0.2045818746899023
0.5377271656790177,0.443164376619114
0.3214656575476303,0.31665848952897446
0.3611405183107096,0.42005129967352256
0.6193470605756033,0.3705090600206043
0.4166246420937558,0.4838649722160837
0.4518774682872323,0.4901197169163654
0.24091850293771225,0.48573148431899915
0.5310485807327898,0.4865255510551089
0.5671859742101253,0.4886604823496567
0.43057021356534164,0.4659841139488488
0.999999999999998,0.48799395273951
0.21069298017386778,0.5796523491475976
0.4423104839566363,0.9970077341291297
0.5378101717294907,0.4875212503820096
0.5056709543028824,0.415658786242178
0.5725199628726696,0.4873102943584285
0.3892949025452338,0.4898642013305415
0.4205907141143015,0.31442706074319726
0.3415740461889749,0.5534286270005482
0.10182724204324234,0.16681317862019746
0.5680997336814825,0.4875904877477975
0.48464294162185184,0.486551638130888
0.3357321270865651,0.15463507103271523
0.5460564430957288,0.17978746081090147
0.22749116516468876,0.3561154183993396
0.6439450430229585,0.48779783235369023
0.6642188554473982,0.2985257639231199
0.5865260821810568,0.49009252634812817
0.8030874566613666,0.49146024569140556
0.49779682744466164,0.23814188261610547
0.7234969446482487,0.48271140774472004
0.26934004137631884,0.490446726562359
0.8475612410349489,0.4864162888530493
0.6586343237830764,0.43249194658332196
0.31904310308274614,0.006626556904516134
0.24641915148825233,0.8339289631314374
0.19230769230769323,0.48799395273951
0.7620861400379919,0.48686852067830094
0.5551542623007839,0.4896264831830895
0.42925015445413844,0.48699755111915943
0.49471890526792955,0.4893364512230417
0.4650350284377553,0.4869646542414286
0.8029123554876083,0.48622328644715473
0.5233271925462742,0.48874039115078116
0.6622666631203842,0.7808199928634154
0.702700692209036,0.4895331085273874
0.09615384615384664,0.4905647847429916
0.3325964728124726,0.2593631307455345
0.5777551291706842,0.48610497919453954
0.4064367385815195,0.22870429383490204
0.5928441195050629,0.4858440143911213
0.4222684570223743,0.07239008865660351
0.39524929799489567,0.48743514002611793
0.39102564102564213,0.4905647847429916
0.617047031341269,0.0007118869784583648
0.5382298670948478,0.36825101352631745
0.4935897435897449,0.4905647847429916
0.6703351536820112,0.3001436296605031
0.36456722239770595,0.6916990208444005
0.34615384615384726,0.48799395273951
0.45512820512820445,0.4905647847429916
0.451796654727184,0.454364389973036
0.5664066314338441,0.4725551980737576
0.24099320367322974,0.849146173534811
0.531137469578033,0.48470463815965414
0.5126682194863333,0.4895353996144846
0.40505731606540646,0.48938271776948505
0.5335895670997414,0.15054350294042862
0.5308189877689425,0.38802116311173696
0.4262460683468987,0.5257246322259872
0.24358974358974472,0.48799395273951
0.4807692307692318,0.4905647847429916
0.6356710379685311,0.486433303034419
0.3319258719776282,0.47763555556606924
0.6990746010547942,0.35916215645593774
0.4418191042415816,0.309058515903475
0.9866170390164176,0.421307371333134
0.6809446627898075,0.48877863460974486
0.49919606720948484,0.2453833935521386
0.3946147532347958,0.2738108226896704
0.7495114119338893,0.4324584520705912
0.5229831277042091,0.49034443341104833
0.4621531595131316,0.4843354857004862
0.3654938875301651,0.48787589455887737
0.6594999416728203,0.5589781338872678
0.48717948717948784,0.48799395273951
0.635299110040091,0.4895225038338572
0.5588214693704936,0.4893364512230417
0.13288175995505502,0.4896952765862404
0.18589743589743574,0.4905647847429916
0.5256410256410248,0.48799395273951
0.4423104839566363,0.9970077341291297
0.3710580112740111,0.27478812276642406
0.36538461538461453,0.4905647847429916
0.5228275105482895,0.48981880915955694
0.3616569774583632,0.48946005566407047
0.4423104839566363,0.9970077341291297
0.21048702805653624,0.7784434884497851
0.3130511306206388,0.7373101763940797
0.7180579900942676,0.2611401787664972
0.4390569554667195,0.4901197169163654
0.43969891190540916,0.4865089945709665
0.3426629917409072,0.5212186483989508
0.5117257927886673,0.1327424676112976
0.51305455331553,0.4886577732524994
0.47889261942271605,0.4884394833939727
0.4840650082809939,0.48934661125920015
0.8974358974358975,0.48799395273951
0.48896450877169106,0.600466516226241
0.5986634504574684,0.4866307106846212
0.7342632859076688,0.4175854059771316
0.217948717948719,0.48799395273951
0.9102564102564106,0.48799395273951
0.6724725371519655,0.5629306532250056
0.5955777225231842,0.6002618403242657
0.46794871794871723,0.4905647847429916
0.4144800672256649,0.4900059720295995
0.41119429929901435,0.2951414280392456
0.7739544408216157,0.27796316002423826
0.5826693656973334,0.48968838240604723
0.2888409679202927,0.5850425137514491
0.3847478267338176,0.48664358031535554
0.46153846153846256,0.48799395273951
0.8162357857622057,0.10142149643239357
0.5586451447271175,0.4117792736577932
0.6688924865068407,0.48701703836496707
0.5320512820512832,0.4905647847429916
0.37838900358125915,0.37648880303457793
0.2875997343871388,0.6243758368918328
0.5189537075471227,0.4903172783081067
0.5299248297057749,0.48640786039487904
0.07051282051282082,0.4905647847429916
0.4263765234996944,0.22126930010838491
0.6615183310653621,0.483953587755364
0.645846570391595,0.9143592624607093
0.41166380513751333,0.42985798477645437
0.9358974358974361,0.48799395273951
0.08166999786310769,0.4856578431499719
0.36369803056520555,0.4887713843097282
0.2767606790701317,0.18703257144717939
0.7111321825079173,0.4437573495662341
0.7129458564195645,0.48898712085653084
0.6713903382575133,0.44249640824705966
0.5563970749994478,0.5005767175281762
0.47801400773127084,0.4868448941243494
0.5630526059157115,0.444120142764931
0.7899652709736471,0.8619988887410743
0.5028271829110673,0.49070954038904085
0.5998223331691906,0.27186447762220567
0.5384615384615397,0.48799395273951
0.505566714096767,0.48760437669996215
0.4689065600768443,0.48916962863606356
0.2756410256410249,0.4905647847429916
0.6641364311851545,0.486607047464467
0.9999999999999996,0.48799395273951
0.8374359611832595,0.8560353817765214
0.3427317451470774,0.4955241347211665
0.320014205944633,0.5149961880284416
0.7371794871794881,0.4905647847429916
0.7852894496916205,0.07451227937562183
0.2934323995979655,0.4855751205962785
0.3782051282051293,0.4905647847429916
0.7397559770615175,0.3082420444698352
0.9999999999999982,0.48799395273951
0.290213630976783,0.37071181152182414
0.5713623088014147,0.20180520982634603
0.576428671882097,0.36978540243189445
0.8415196023195765,0.15527405639779113
0.5311894779768824,0.5266842207595326
0.5478491534453802,0.487373716798086
0.9990834598610387,0.4902149697711318
0.1770215050786525,0.4848456301421683
0.7170875889823192,0.124860953363359
0.3751942710093417,0.30281589725956354
0.6360795258589607,0.486866508873002
0.38620182541860243,0.4822420162175396
0.7580405606158136,0.4887941184506363
0.2567662673539288,0.20471774950916027
0.5289692409674045,0.2984446814481092
0.9999999999999996,0.48799395273951
0.7703504226598752,0.3849866357152616
0.5701495822363171,0.2750537071826605
0.1578345870790988,0.6367988086064842
0.6576116743444975,0.4592940303981054
0.7305979748065446,0.173375917448283
0.49746195460847625,0.4870556511796079
0.41282937910617556,0.4630673499239528
0.49678249243746714,0.49009252634812817
0.32703234906862716,0.48811201092014267
0.5276661507598132,0.19551754725113024
0.37230968361789096,0.580814295559279
0.7485125291679402,0.7099986643139491
0.5857902094725549,0.46673454560704536
0.36189704817786317,0.48794311080059105
0.6947165167002853,0.46590973821854764
0.5697088877223053,0.27366254559043607
0.5543825810435243,0.49098567839808444
0.6673163283964505,0.5315107104645219
0.9999999999999987,0.48799395273951
0.8139574231856923,0.29816518545666293
0.43589743589743624,0.48799395273951
0.4181709896176258,0.4863008345604258
0.4407434087979336,1.0
0.5590372345517327,0.487865351301465
0.6624822300965842,0.48958787036844864
0.46794871794871906,0.4905647847429916
0.5641025641025645,0.48799395273951
0.4992435314164101,0.6232489339743075
0.7263744707653632,0.7527146195380136
0.41025641025641163,0.48799395273951
0.33460700458881343,0.40255910522935184
0.5408603322147701,0.236901695144126
0.6257477098846962,0.11162375290324333
0.7363755543889721,0.3405041776809573
0.33974358974359087,0.4905647847429916
0.38330091551660284,0.4865835551332295
0.6430327833854901,0.48988112636191006
0.7205025540093792,0.4904334023799973
0.2727213920365327,0.14524762027239557
0.48537365672194305,0.3972963057918454
0.31904310308274614,0.006626556904516134
0.43430810885313353,0.9991967185756017
0.49387668979771726,0.48945260013927877
0.6061608438816227,0.4872479771560754
0.31858236333338724,0.9001824169052524
0.6478672123454587,0.48581564691523105
0.6359074110378102,0.38051409278637904
0.9866170390164176,0.421307371333134
0.5228992562461138,0.24101449358042668
0.5769736164208508,0.48008752456790094
0.27373558296044154,0.4892812303054149
0.5225328568186551,0.48895373834311806
0.45060009390830735,0.5209491312516009
0.39714482894993824,0.8694213929618309
0.9999999999999996,0.48799395273951
0.4111579838160374,0.14525252670925054
0.3703472223357229,0.48776165053458714
0.30947732928451155,0.6724498123237255
0.999999999999998,0.48799395273951
0.4929005332101434,0.5038841255344789
0.3889155633697763,0.4569795810900992
0.6931752107294675,0.5941525479467406
0.5090928748942606,0.4868892236605889
0.9999999999999996,0.48799395273951
0.3249164720613464,0.2904494350351845
0.5738943114515357,0.47902849526149865
0.4566325280791642,0.4863008345604258
0.38059131126019397,0.9045282556665659
0.5642840380131329,0.49041810191780627
0.19967078575275854,0.26781268146282433
0.35648473578209156,0.47677072358736117
0.46890155498352776,0.375787625609051
0.5928753591451092,0.48763842925168505
0.5337962482051183,0.19027418510438737
0.3761747269643584,0.48617556173374377
0.999999999999998,0.48799395273951
0.7634527613145138,0.47344443891113125
0.17792286371385424,0.48713014110021324
0.27582249955159444,0.5495472379978827
0.7548993340400052,0.5609489641016847
0.576923076923078,0.48799395273951
0.759539642860936,0.878464729505206
0.14743589743589702,0.4905647847429916
0.5205756960901943,0.487865351301465
0.28585275805925525,0.4865089945709665
0.5549505382973958,0.2538686535978346
0.5754836816492476,0.4855751205962785
0.14102564102564064,0.48799395273951
0.7376108020890484,0.48581564691523105
0.4679487179487186,0.4905647847429916
0.45440710840203025,0.4907659517552066
0.6165042688137214,0.32328666763170344
0.4176195037014765,0.3552209695811983
0.487829148909271,0.6034940065620064
0.5351126257425735,0.3622207336431171
0.5769230769230775,0.48799395273951
0.3741337139646875,0.8749175081503846
0.1923076923076918,0.48799395273951
0.44703136389853887,0.48620055230624665
0.4693036987191035,0.6379078224739033
0.999999999999998,0.48799395273951
0.3565940116169556,0.4903820484267437
0.7307692307692315,0.48799395273951
0.6439331836973947,0.22434433935554549
0.42933425836902017,0.1977122106479135
0.45160761090910884,0.4891567061032053
0.58002360668455,0.4858440143911213
0.6869087806273111,0.7964713141281106
0.4219022660484931,0.7769756046428795
0.46177250203347875,0.4886577732524994
0.9999999999999982,0.48799395273951
0.6009747755198002,0.9323550864850805
0.7420004165454412,0.8757967824084856
0.5517787100368592,0.48779536181212113
0.6166640386810737,0.39155230623914267
0.29487179487179593,0.48799395273951
0.4484206496572808,0.16116614188076833
0.87608364609021,0.16367086629828637
0.4475432916895188,0.7666922766289532
0.21608496128396054,0.10744189343037847
0.4011991918836459,0.3829323503397216
0.2884615384615399,0.4905647847429916
0.41874299059256426,0.46403960459891813
0.5047469209400302,0.4856578431499719
0.5193400413763188,0.181444386658568
0.31904310308274614,0.006626556904516134
0.6993792150956335,0.4805559247276353
0.3155099589836672,0.3912955047242306
0.835611408420969,0.4373249729536004
0.9118966221212602,0.21292265712834513
0.5263499974982732,0.49223476383224396
0.709975925317709,0.9386256443085621
0.8539714974452052,0.48898712085653084
0.8183788062485065,0.20598769433372865
0.5506776653570937,0.6117764612911556
0.5631860239636037,0.4902149697711318
0.4407434087979336,1.0
0.519860648685255,0.48690265007404265
0.6490662016414546,0.48622328644715473
0.6800015546112785,0.4917188696972102
0.6572668977707219,0.4889428182901167
0.8474275174093258,0.48996739334772577
0.1868948016518861,0.22037540744418221
0.5064102564102576,0.4905647847429916
0.5000904392607414,0.4920950694595132
0.6814943218470286,0.48988112636191006
0.3179747751212968,0.4870556511796079
0.48330134218447074,0.7274744980745027
0.5197274279855771,0.49036619381560276
0.7843293571389179,0.4167583169257477
0.438713424093105,0.4905397752969636
0.5580717371510618,0.48735089761914885
0.483522283166137,0.48092215616971595
0.6079608560089258,0.4858196555095969
0.5153670121552386,0.33734347997860503
0.2756410256410267,0.4905647847429916
0.35285104877207624,0.48945260013927877
0.4597728291718437,0.2638296716467305
0.9999999999999987,0.48799395273951
0.4554848574650507,0.2614705403236374
0.5448717948717962,0.4905647847429916
0.46513520285598176,0.4872479771560754
0.3529207549009481,0.22033722826793206
0.6987179487179485,0.4905647847429916
0.3591426949781773,0.43893211232001966
0.5837127627920875,0.48735089761914885
0.5808745902892901,0.4912072796551119
0.818181978732065,0.5501267062051148
0.5744752657038085,0.4424923561180886
0.5326826411214961,0.46737979905528537
0.24667115355520536,0.767738392832354
0.5031524416206711,0.29765108119710204
0.9094999416728198,0.48956566979326493
0.40050485351357556,0.33051863560954553
0.49735189265936347,0.5088192357084851
0.49535018522466,0.32430191462927394
0.46794871794871906,0.4905647847429916
0.6009420160907687,0.5507502187434749
0.5269146968965057,0.4796840653337994
0.46438195319610814,0.4965960340258257
0.3983937395640238,0.486598796632582
0.6296626115077562,0.48877863460974486
0.32062209265837016,0.490446726562359
0.2230909873441611,0.2937701881665521
0.549061908561922,0.4914303737780525
0.4602239924396797,0.4865835551332295
0.6454495679879757,0.8790985339686292
0.5600911014455394,0.24461419115457075
0.5774818818482871,0.490538315333404
0.20911663836114996,0.6162321525786315
0.5584783377711636,0.48624429044586504
0.6304934273253952,0.49060586808609463
0.5710094792676285,0.49036619381560276
0.4449903107916965,0.4868892236605889
0.3924128922176059,0.48755142819947944
0.9222310170459701,0.2173234910435899
0.24274426222514978,0.5667981891301895
0.6454292925741669,0.41899103520926384
0.5820381006404735,0.49029338951424983
0.31333569003177275,0.31195819626040916
0.21153846153846084,0.4905647847429916
0.5538147948428153,0.3148059540863888
0.3822037976179349,0.4885876335661799
0.1923765925668997,0.18313433475634583
0.4902384425343306,0.5810867734571292
0.8717948717948705,0.48799395273951
0.4123483349424407,0.48812884607093604
0.8037135087415936,0.45057567552613254
0.7390265323321603,0.8396432794033621
0.9222310170459701,0.2173234910435899
0.7002304377627935,0.13225371804751818
0.7715088443184052,0.4116166529187845
0.557354053275698,0.3922645308350511
0.4423104839566363,0.9970077341291297
0.6447779994990809,0.48777360140756676
0.3974411931684785,0.8327771760906097
0.6255472302683116,0.49034443341104833
0.7367391093647717,0.48666834311652435
0.4158627338761516,0.21196257750687797
0.9866170390164176,0.421307371333134
0.326923076923078,0.4905647847429916
0.9948634148452227,0.4873965613442442
0.5769230769230762,0.48799395273951
0.3495598021196297,0.6797789370206938
0.35054915446164614,0.2004465657175094
0.5093623978815093,0.4901747038208512
0.6800412518997083,0.7785446149638592
0.556547582594217,0.42317513126699047
0.9999999999999987,0.48799395273951
0.724176670384219,0.6350041942683327
0.4995906710541147,0.4874848184400951
0.5626631688287347,0.4855751205962785
0.47564709027999363,0.7503730789201621
0.46092743381076434,0.8351784881672238
0.49285537080722275,0.42516855259474284
0.1538461538461538,0.48799395273951
0.4181017745568449,0.5799277814785098
0.44007186700095463,0.4902956834084895
0.27900702555137813,0.49590316756422065
0.5303879465810558,0.4856578431499719
0.47323493040970716,0.16912654898890545
0.6625282945565273,0.08016358002278573
0.999243531416409,0.48956566979326493
0.5318934268086573,0.48626120720845606
0.6842341004272097,0.4856578431499719
0.35115664120839746,0.48534805157651395
0.49358974358974467,0.4905647847429916
0.9222310170459701,0.2173234910435899
0.5459927420447379,0.4872525795871841
0.4482856177674982,0.6914599203217608
0.4935897435897433,0.4905647847429916
0.5371465358943057,0.4877796638022352
0.8424262082275937,0.4868892236605889
0.30725787334972,0.395745788357197
0.9990834598610387,0.4902149697711318
0.4871794871794885,0.48799395273951
0.5354542620174616,0.4729518407557247
0.5706942944233894,0.4878472699143247
0.5198291672341672,0.3415843149938842
0.5009528370348098,0.3886417856264589
0.4415037595171772,0.2222459055208043
0.5059656139478839,0.4459467120678039
0.9990834598610387,0.4902149697711318
0.9871794871794856,0.48799395273951
0.5168728544241203,0.01642754307489852
0.3170149699753063,0.9022690770346828
0.4894957933771715,0.4864765292987763
0.5132665609131359,0.4866042375292268
0.20229116898605076,0.8486445822842348
0.910250636924993,0.1992708765151353
0.7499999999999997,0.4905647847429916
0.533180443729468,0.4893364512230417
0.4423076923076929,0.4905647847429916
0.3152222175316702,0.20245756346806887
0.29745136177131126,0.8473223321532333
0.464943438399472,0.3414584543084717
0.9222310170459701,0.2173234910435899
0.5089640924709176,0.4878625703765157
0.594557772462747,0.48813711567360435
0.0512820512820511,0.48799395273951
0.6807666027836378,0.41726062627395855
0.4407434087979336,1.0
0.59334033106111,0.4872479771560754
0.4313818903523802,0.4971962213810084
0.15584669033594833,0.34779152621153275
0.5542423599384866,0.4351802238893723
0.6983244303633029,0.48911838483264186
0.044871794871795045,0.4905647847429916
0.5652859715252553,0.48803008983915147
0.578042730352183,0.30786167561081396
0.3188721385637515,0.812048777204002
0.999243531416409,0.48956566979326493
0.5226983647627875,0.4889325649783746
0.33406131313990883,0.5110464416037582
0.5887408884250975,0.48909638305859054
0.6445868491715354,0.4916300694765491
0.2950532687823637,0.541834741987438
0.4972582306050881,0.2307311655665003
0.5698846149478395,0.4587622679323711
0.23644262665862648,0.22080065069331073
0.6257102858797898,0.2842698104227017
0.4556248638830131,0.49036619381560276
0.5641025641025645,0.48799395273951
0.3560316980961209,0.4889325649783746
0.4919031587703337,0.4887713843097282
0.8182414582180212,0.4888747488992098
0.791638185723867,0.482572187151148
0.593467634927347,0.4883567525015694
0.43724236275686096,0.4904361833049466
0.4693889889938475,0.8898502548635282
0.6145806825941003,0.2916583696148072
0.9999999999999987,0.48799395273951
0.5584349975091967,0.4763789563606068
0.9999999999999996,0.48799395273951
0.43589743589743557,0.48799395273951
0.5985116798962692,0.49242475200488367
0.78247740096933,0.06815386152779163
0.36280354041158736,0.5572625549202727
0.8231954389968245,0.48946005566407047
0.6030539456018748,0.2338727510806709
0.42868324669666436,0.21710424151384117
0.6858974358974369,0.4905647847429916
0.9990834598610387,0.4902149697711318
0.43201758581780597,0.48651675923109283
0.67553939953235,0.4959597047124893
0.5986827976682961,0.4871595952577844
0.5414628612338409,0.3530780820109135
0.4294871794871802,0.4905647847429916
0.5343166579444133,0.406580573664163
0.4358974358974369,0.48799395273951
0.4992656272174792,0.42773938459822447
0.5015335514020061,0.4776511700484327
0.5776146649493579,0.48879223038097186
0.421669461721218,0.4879188835799956
0.2578176512913595,0.3681580166928963
0.6395809164295332,0.48709371303011695
0.999243531416409,0.48956566979326493
0.9866170390164176,0.421307371333134
0.20357276769559302,0.17855649539327495
0.8262200176156602,0.5968633943484997
0.5523683485389794,0.507018393723364
0.7824469154579625,0.38941686322347613
0.6290371804527355,0.48610497919453954
0.552961708186749,0.4898855110246528
0.34944002034381133,0.48877891881763963
0.23076923076923112,0.48799395273951
0.31296741122398875,0.632957172367639
0.5568883749017925,0.26852088158347287
0.5377050698779485,0.6078239419534179
0.31904310308274614,0.006626556904516134
0.910250636924993,0.1992708765151353
0.8501532401940429,0.12593297157422467
0.8518076339805123,0.48699483778978336
0.5975889540440243,0.5079444853810253
0.5256410256410269,0.48799395273951
0.5226277097797374,0.25601088471051014
0.4551282051282061,0.4905647847429916
0.34615384615384726,0.48799395273951
0.5062783812588488,0.13935072355433237
0.24831341518059008,0.4887713843097282
0.5133607743747834,0.4795956793983634
0.9029296137071929,0.48764413776765025
0.6886618851884353,0.4908613470080488
0.1274682676842679,0.1770965066341238
0.7575299098393624,0.3798449717082984
0.5041747029738847,0.5002330262384722
0.4619845096310847,0.4866042375292268
0.5025538360606612,0.4904334023799973
0.42570553052334786,0.4903014740493841
0.7114380798719411,0.4816336662361777
0.947961480134358,0.48956566979326493
0.4432655344358186,0.48916962863606356
0.34278671348100875,0.5236543335430889
0.6465193572969371,0.48764413776765025
0.7852894496916205,0.07451227937562183
0.4588051683966477,0.48798741604420526
0.8333333333333337,0.48799395273951
0.5767069303222546,0.15357065007718684
0.6414569559352022,0.4883864789187126
0.44939749768278386,0.3839903295385048
0.4807692307692318,0.4905647847429916
0.24999999999999925,0.4905647847429916
0.6380079047753066,0.10113702860975748
0.4542664010538055,0.5575342048013117
0.49522004779530077,0.5016482784680443
0.4407434087979336,1.0
0.9102564102564092,0.48799395273951
0.9999999999999982,0.48799395273951
0.584266899757032,0.48749088083476355
0.2363257619287935,0.25416417006144376
0.4935897435897448,0.4905647847429916
0.6244958813008153,0.7039044103168042
0.4981986205514019,0.48846694445643873
0.6298363440151695,0.31582809586970423
0.40047690389092344,0.1830548676135193
0.8103749261763117,0.48946005566407047
0.7708437738884266,0.8569752829147438
0.6671633254214746,0.48779536181212113
0.14743589743589813,0.4905647847429916
0.4513371950094596,0.5363957834877235
0.5356360262334742,0.49051995669852566
0.41948265486233577,0.487968943293482
0.8717948717948709,0.48799395273951
0.2775881186164004,0.37898605443186306
0.5512820512820523,0.48799395273951
0.7601626148836962,0.48777360140756676
0.46288338839788656,0.4904361833049466
0.4407434087979336,1.0
0.49934136352357317,0.4899884415032392
0.8135684673677099,0.4869099236912526
0.5460549576219254,0.7300437283184149
0.44597617932303685,0.21016450953864763
0.5330561195565728,0.8608666152413931
0.9866170390164176,0.421307371333134
0.41951107933064713,0.7107327867972577
0.20809892514353778,0.48829364144403353
0.2051360150382177,0.4875453490243691
0.4171127147592899,0.4891750695327084
0.7075183493708035,0.4829236550749885
0.9866170390164176,0.421307371333134
0.5889871211599998,0.5872572859255653
0.7627108220309926,0.8166235351730036
0.6419784780604508,0.44520008970305386
0.4423076923076933,0.4905647847429916
0.416666666666666,0.4905647847429916
0.3472734995829522,0.15875341940888194
0.5048224160021182,0.4900805196160029
0.7521850996613366,0.29946332682772303
0.5654575448729496,0.5993453424216795
0.41161380090854033,0.38865383709563955
0.42307692307692346,0.48799395273951
0.36853705700528644,0.2436636091239887
0.32019222770020084,0.4891577819060456
0.9999999999999996,0.48799395273951
0.21575790514185506,0.35652061051635536
0.6089743589743599,0.4905647847429916
0.39138229336248664,0.23576222028882154
0.5937320229765345,0.48769055240455217
0.5666564001632253,0.4904334023799973
0.47964518681996354,0.16655571698542387
0.5234340966508215,0.37733520487792127
0.41025641025641124,0.48799395273951
0.6090836311199086,0.2174360347073102
0.480734663321834,0.48957904794841783
0.5064102564102575,0.4905647847429916
0.6561032133263743,0.4888114532255308
0.21153846153846256,0.4905647847429916
0.5993465950015697,0.49009252634812817
0.20512820512820557,0.48799395273951
0.9990834598610387,0.4902149697711318
0.4679487179487176,0.4905647847429916
0.42307692307692407,0.48799395273951
0.5407269143546697,0.4091514056676446
0.514255620710691,0.541365301426286
0.44551129637165243,0.4718436507297884
0.4783474075919191,0.5082572084324049
0.5466568164639988,0.5773290281949067
0.3656186558796326,0.48608694124901786
0.48717948717948817,0.48799395273951
0.2443674014805537,0.4674630650706866
0.5700398125426179,0.4837152770357873
0.46422108002246576,0.48946005566407047
0.9118966221212602,0.21292265712834513
0.7620640442369229,0.5178448218315623
0.4552374772737548,0.15573606662375217
0.632092492641331,0.4889661027724137
0.3653846153846166,0.4905647847429916
0.7683142290918088,0.4902149697711318
0.7425023508268165,0.6556488466334042
0.48858688206059026,0.4607079688182334
0.5285931671122784,0.48760387181736964
0.5183424072207923,0.4889956357689997
0.999999999999998,0.48799395273951
0.391631988560734,0.5613559317604958
0.5679208652111557,0.0003387305410195718
0.6649303257288408,0.00585667650512961
0.5203504226598753,0.2847241875794797
0.7940124671578384,0.3763308914289249
0.999999999999998,0.48799395273951
0.9999999999999982,0.48799395273951
0.16025641025641102,0.4905647847429916
0.33974358974359087,0.4905647847429916
0.7921300254768828,0.3489894377266533
0.21935611282982098,0.35273302467200673
0.42139033825751326,0.48620055230624665
0.47435897435897534,0.48799395273951
0.23917634520842296,0.4865999887389357
0.5809046266819721,0.4884876951780794
0.404525702810989,0.3659945055141337
0.8012820512820508,0.4905647847429916
0.22981814875330708,0.3883126997555063
0.45178350864570416,0.2154638155884323
0.43452865191298473,0.06190336436311761
0.4326396211078506,0.2693719291588046
0.6692944369570257,0.4913095635013175
0.5985563334062549,0.46639300930586913
0.768426836440254,0.3533583376983652
0.18501827623159994,0.28766790767758615
0.4564139172050459,0.4903075364440524
0.5163037281725543,0.4872589404051749
0.6283185772595095,0.2996565966405355
0.5209537030558467,0.48743579668376236
0.9866170390164176,0.421307371333134
0.32642556673241674,0.4328216246903177
0.4004132560094829,0.48994454880156757
0.8283304718041797,0.48898712085653084
0.5702755003584068,0.48528797453678607
0.7642279077016159,0.48898712085653084
0.5001814739105688,0.49041810191780627
0.8501532401940429,0.12593297157422467
0.9061242289337892,0.46560412499189785
0.5095286361974837,0.599026046753113
0.5892644019388457,0.40115746697146865
0.46153846153846273,0.48799395273951
0.3910256410256404,0.4905647847429916
0.4725286735356878,0.41986344002349846
0.3654938875301651,0.436508711863454
0.4757663692400774,0.4555663048112702
0.5618661212424051,0.4738614028104361
0.6207921704763795,0.4865255510551089
0.2993453689614208,0.48593398115901554
0.38574454629357063,0.46619896319170745
0.5293407972987981,0.16202432549346796
0.48486792917829985,0.4894711354614099
0.5703598993946611,0.25427051472450846
0.454649017323461,0.3471699948983553
0.3835717610434709,0.7034407566336781
0.5256410256410261,0.48799395273951
0.5121727907096938,0.46516838123810733
0.15951954973554983,0.1899506666515317
0.6804596959561132,0.48855939201507037
0.910250636924993,0.1992708765151353
0.5965332756126004,0.48735089761914885
0.9999999999999982,0.48799395273951
0.7235550415684593,0.33536251367399417
0.2820512820512832,0.48799395273951
0.4137240057884286,0.48636173297489305
0.5064102564102557,0.4905647847429916
0.5670219660998815,0.48779783235369023
0.39596527771274537,0.48724191476140716
0.8053211165183127,0.4650646771617727
0.6321129941486598,0.3400853447134573
0.3065176506638777,0.8232505807055481
0.3179513453912619,0.48840146232503073
0.5342293518843345,0.4507418388030351
0.5389743457541118,0.9068248748172851
0.39529615745496527,0.48988518174223544
0.4781233464714332,0.4879836821293595
0.7295081789271957,0.29990133843059785
0.5192307692307685,0.4905647847429916
0.470412788764089,0.46302032433921914
0.459531856676731,0.3444369071082978
0.19068091628461897,0.4904784833556622
0.26005558179385935,0.48585063494278885
0.9999999999999996,0.48799395273951
0.5803060596729686,0.4869621975330123
0.4451288526810457,0.4654958070591259
0.42476552922374816,0.16121411855766993
0.9222310170459701,0.2173234910435899
0.4323627966124295,0.6283330484753373
0.266521305093656,0.481785487386983
0.4407434087979336,1.0
0.6312662247480465,0.19826802341776006
0.5663283839427381,0.48701703836496707
0.6222134934003296,0.7131147559911033
0.5722189315928087,0.47822406433090503
0.4807692307692318,0.4905647847429916
0.2549732259021813,0.41248582301818026
0.9990834598610387,0.4902149697711318
0.37130046675389194,0.28751877832048367
0.2509528370348098,0.288379337490677
0.4889108516734915,0.4599921608922047
0.5180561122023393,0.7384131245906558
0.5095626980309275,0.3002219132005836
0.7234424342200141,0.48764413776765025
0.41025641025641124,0.48799395273951
0.4358974358974372,0.48799395273951
0.5522109003798873,0.4092117902683634
0.28654047596093113,0.48503677372873366
0.5526269781414763,0.4904361833049466
0.6455899827458059,0.4850270746657348
0.9866170390164176,0.421307371333134
0.6639804554401675,0.48578592049808783
0.5110893654825779,0.4871233188632226
0.4564731319876302,0.487865351301465
0.864788039369669,0.485357089405417
0.5737524288206136,0.4874009040572825
0.5800704661446197,0.4885356366819669
0.5561280241825489,0.9537250239373314
0.2913846367346694,0.8031981297134481
0.42860004172604055,0.46636700178577833
0.692307692307692,0.48799395273951
0.326923076923078,0.4905647847429916
0.42958459163492996,0.2794113415990169
0.3212217923700681,0.48375314164677613
0.4311939326610266,0.8859623658427733
0.6784548803451629,0.9338234158431242
0.6217948717948711,0.4905647847429916
0.9743589743589745,0.48799395273951
0.5855987092264645,0.4271472296920157
0.7243589743589753,0.4905647847429916
0.34615384615384737,0.48799395273951
0.4166666666666672,0.4905647847429916
0.5760626525587006,0.4911518297677753
0.37928574159934864,0.14724452398237203
0.4796773114676666,0.5164690174077223
0.2620681321955006,0.20737517540071837
0.2590823635695605,0.47784720452845963
0.7602163113317817,0.48845077291963496
0.6036837559932087,0.3181450036247403
0.9999999999999982,0.48799395273951
0.5685965475775346,0.23915905886142774
0.6538461538461545,0.48799395273951
0.5013549807703855,0.6250536624564954
0.5139496744986988,0.48676561921956013
0.4511483812535231,0.47366920037779175
0.54276171721593,0.4878295651318782
0.9999999999999987,0.48799395273951
0.33974358974358904,0.4905647847429916
0.21153846153846256,0.4905647847429916
0.9999999999999982,0.48799395273951
0.44354493675127343,0.6375654573797122
0.42989660431052534,0.40483187376266216
0.9866170390164176,0.421307371333134
0.5672811929641532,0.49033005154253073
0.08333333333333376,0.4905647847429916
0.6356892086253526,0.7723158283791303
0.5510122875456278,0.3229137940912695
0.5352440308990055,0.49009252634812817
0.31326040350699236,0.5224761800397296
0.4753118113937842,0.3783584576125326
0.513379317745723,0.490538315333404
0.5701121058464628,0.38532954507657374
0.27903334947078906,0.8565094119964034
0.4676023827210316,0.4912425542503655
0.35384554611313757,0.49145416398130054
0.42234006255606243,0.29535477879427674
0.5137733498553226,0.3937834496334221
0.5474553443324675,0.48643596292886765
0.3962864230962033,0.32590151255121513
0.2371794871794883,0.4905647847429916
0.7836252466740539,0.8607716823308089
0.30638013082299703,0.5277512909463733
0.6097830048985615,0.4859358603308288
0.4010021561333981,0.46112284057402214
0.4968733449453667,0.612877415928104
0.5101840443652561,0.45056383512613424
0.3190734252389912,0.4855751205962785
0.35112470729027323,0.48814595259976007
0.044871794871795045,0.4905647847429916
0.7878571525365807,0.516655677162337
0.5682951853357715,0.1257055593686991
0.8700951299482794,0.8291512046682225
0.36075938056656287,0.6518831562958728
0.5833333333333339,0.4905647847429916
0.6575146408614984,0.29500196565354
0.6222915305496797,0.49036619381560276
0.43179683577989253,0.22379546819384044
0.49385328101109777,0.4884827816630854
0.51651637234355,0.48793825314387773
0.6682969708722238,0.4887941184506363
0.31573440943658804,0.016528061430793217
0.5431836393568515,0.47028561599581387
0.4373910415841308,0.15293987564763106
0.6343896442821501,0.3643425935572104
0.9423076923076925,0.4905647847429916
0.6515111031729706,0.4842094565389702
0.512820512820514,0.48799395273951
0.7705101925272274,0.4532522743227007
0.8024662430474135,0.863119497975716
0.39102564102564225,0.4905647847429916
0.7182707656462259,0.3298933211739906
0.44702870862908856,0.32768234882717195
0.65309478314679,0.9289145902020626
0.1987179487179485,0.4905647847429916
0.3599271960091688,0.332083481549864
0.5368394519882046,0.70500013895237
0.4807692307692318,0.4905647847429916
0.4467113438562182,0.33929524310133463
0.5908727514217758,0.48676561921956013
0.5035967413175202,0.4872479771560754
0.36957666447758075,0.43912655321701316
0.5984192220469774,0.4322888936989788
0.2823382282592557,0.5177317521775762
0.6750920450562863,0.4677048835950055
0.43685027293224576,0.3629334655916431
0.500000000000001,0.48799395273951
0.5131693211511322,0.4865451982026735
0.5977662995778567,0.48821013446621814
0.3654938875301651,0.1539892070386255
0.5901002420804352,0.31545801239675075
0.057692307692307654,0.4905647847429916
0.6649303257288408,0.00585667650512961
0.47976652945073855,0.4865255510551089
0.48204290202471084,0.4616882413094283
0.6597772224516661,0.4294366190097661
0.22921746103763696,0.5408883062788129
0.4615384615384619,0.48799395273951
0.46024322884560165,0.5391391975804
0.4423076923076928,0.4905647847429916
0.5197044980608848,0.4875610097022203
0.4551282051282061,0.4905647847429916
0.03846153846153866,0.48799395273951
0.553319170475296,0.4761985058680396
0.42307692307692407,0.48799395273951
0.5805395914520771,0.24067018429066428
0.3680672338686196,0.4868892236605889
0.3185527084621552,0.48985062430792
0.178596296029169,0.5962937829787769
0.43685527802556223,0.486598796632582
0.4148797405359953,0.9559057437013234
0.419116787180706,0.22624988101437127
0.6759963250742406,0.4903686643571718
0.6171699840654193,0.7250822836236833
0.7793378084170022,0.48856883110026755
0.974358974358974,0.48799395273951
0.7719133877147735,0.48946005566407047
0.7607211465843338,0.8962258576376596
0.1602564102564102,0.4905647847429916
0.6603656824019599,0.2380026907351629
0.39173461288288847,0.4863239736502577
0.5544606801436405,0.49033005154253073
0.4766243502521056,0.3834430856328287
0.42419657650602915,0.24616170752725589
0.712802825047865,0.48339734927452827
0.4107215248069983,0.48808663395371216
0.5023386838673601,0.37020404683911035
0.5778759139578867,0.419491769668238
0.35889063957770995,0.47104923683144323
0.3147821130673992,0.3300028574653915
0.5977460636303491,0.6123851748305423
0.7926240194560645,0.24524251853665743
0.5813267284716027,0.39328271517444796
0.32951594204907275,0.9033896862693245
0.4800127621856409,0.6309614299847521
0.40384615384615485,0.4905647847429916
0.019230769230769162,0.4905647847429916
0.5910172609990698,0.48996739334772577
0.7847339005352861,0.48946005566407047
0.4269948826401958,0.48918622869605793
0.5954194733713253,0.46630186465044826
0.2331966030133008,0.5752165716995169
0.6595171081490363,0.47735875432573605
0.5576923076923087,0.4905647847429916
0.4976728221787895,0.48522667888472865
0.12820512820512786,0.48799395273951
0.6807608507426596,0.48996739334772577
0.5676467589008096,0.4879011831911566
0.47161156123102604,0.48986432984297196
0.5304291955779482,0.7204251309732596
0.5118178115020205,0.48909638305859054
0.2803879465810558,0.4882286751534535
0.3648902103436355,0.2849479463170021
0.9222310170459701,0.2173234910435899
0.687904578257285,0.4873102943584285
0.3180909973355089,0.5725280085194445
0.32880522211343555,0.569794939317751
0.41226355261625935,0.5412977664315418
0.5609505220927322,0.4861803188393902
0.5075090815509722,0.45703980489134516
0.05769230769230799,0.4905647847429916
0.42786040913965717,0.49047110639306635
0.6778550741418273,0.48733201427769635
0.37419366554810357,0.17006006305360472
0.3450147453082879,0.506557599420033
0.5769230769230774,0.48799395273951
0.6217948717948715,0.4905647847429916
0.4850547774826906,0.4162434536674418
0.4842180536932497,0.6267287851030949
0.3697722804641136,0.4882977900220844
0.12053274198095759,0.8258292517397683
0.5192307692307698,0.4905647847429916
0.5461512181682531,0.36327315420084516
0.999999999999998,0.48799395273951
0.44433505025397757,0.6465478678700536
0.39102564102564213,0.4905647847429916
0.9115300815118896,0.48996739334772577
0.5114708378891125,0.4620244585767035
0.5791884528162081,0.4245763976885341
0.5828541455285892,0.3985866349679871
0.31185491862074444,0.48646813738457073
0.7384661137100992,0.2616062931933537
0.9999999999999996,0.48799395273951
0.2616458557920828,0.8412464047299193
0.4285951122463158,0.9764567389152266
0.31904310308274614,0.006626556904516134
0.5042855467134598,0.4239559496778866
0.9999999999999987,0.48799395273951
0.6360504925055628,0.49251949336013584
0.47791681620244564,0.5088053824282898
0.5613881672153448,0.49050908514735936
0.3302079823655152,0.3501087033473904
0.17015943519442434,0.6055280290954376
0.31356638699855655,0.004382135812653509
0.9999999999999982,0.48799395273951
0.4645921318398651,0.48829405610723875
0.8861059747973652,0.17019875775083698
0.35897435897436003,0.48799395273951
0.999999999999998,0.48799395273951
0.4457815979158334,0.48936778462394354
0.5216566981919118,0.4944213164544991
0.49537476518194745,0.5978956842227594
0.37734771018784335,0.45723382187416084
0.6271931253070419,0.2918281947415191
0.05769230769230771,0.4905647847429916
0.39743589743589847,0.48799395273951
0.7852894496916205,0.07451227937562183
0.548673270879768,0.4890798265744481
0.9866170390164176,0.421307371333134
0.3357255194836054,0.8573673589195803
0.5833178860794559,0.4780318470177677
0.39602843608019234,0.4879188835799956
0.8437408491697198,0.2313911493616665
0.3216324739419266,0.2050283954715505
0.33711647598212474,0.3004299543131387
0.33449582121494337,0.6633152858912756
0.33231713612218294,0.5012456214770844
0.7428859311374987,0.6473187327064329
0.616887796663077,0.48809207628558554
0.555685702830577,0.3829993871605216
0.1858974358974368,0.4905647847429916
0.7708813637580867,0.4025028350180273
0.8017133661916123,0.48581564691523105
0.8661333736101391,0.8341358583535807
0.16025641025641102,0.4905647847429916
0.6585698254370004,0.46306306427491234
0.5699335726062167,0.48918129676078986
0.6774851141727177,0.48693954704103876
0.999243531416409,0.48956566979326493
0.6296125230862313,0.4864162888530493
0.46944807043263437,0.18420798076186634
0.5512820512820523,0.48799395273951
0.5206381641118722,0.4735621288356413
0.20352589308406716,0.9005547985663804
0.4725135931373337,0.48676531226624825
0.3782051282051293,0.4905647847429916
0.4615384615384626,0.48799395273951
0.6459599427149155,0.48541954190239245
0.8337083610599475,0.7531967942260245
0.31598470929292277,0.5749366033247143
0.2263996809903192,0.28386868364027495
0.21656216978552,0.5547396754538039
0.42882321185117966,0.48968838240604723
0.3671595673905119,0.15072567756460492
0.2674381224951504,0.6077312379279184
0.29281559749532404,0.48775940883932334
0.4230769230769242,0.48799395273951
0.4681301918592868,0.4878472699143247
0.5890796221075899,0.48711755040256566
0.3589743589743601,0.48799395273951
0.9999999999999987,0.48799395273951
0.38753478661270213,0.5032228243745798
0.6517214441493573,0.48308508575796305
0.30624465823315883,0.48776165053458714
0.5439568108852374,0.4710308983512921
0.49272793951534394,0.5421092127804221
0.5525614745785095,0.3658439862043268
0.7067804608281125,0.48654653314728286
0.565129820900885,0.48737173021097385
0.34630288198439263,0.8531507676318082
0.32338202024888324,0.6489619871374832
0.2529230982731309,0.8186231217343376
0.6048836413244159,0.48725861893969524
0.1730769230769239,0.4905647847429916
0.4423076923076927,0.4905647847429916
0.9999999999999982,0.48799395273951
0.24604065937765723,0.05706508793212667
0.6201082869754619,0.4887713843097282
0.7448795386133451,0.6911431993739943
0.8525641025641013,0.4905647847429916
0.471101159569389,0.28479692117969413
0.46078199295487166,0.638673925995197
0.5294053977534845,0.4879836821293595
0.3738576570671841,0.4131229808413571
0.5301886914700997,0.3494269827149068
0.8012820512820518,0.4905647847429916
0.6629390287404144,0.4868892236605889
0.3281845812390714,0.917785823512592
0.29148321647982955,0.8946746392048707
0.6260804185083316,0.4728017577440367
0.46153846153846256,0.48799395273951
0.6383677430888245,0.49034443341104833
0.7756410256410249,0.4905647847429916
0.7687515814260251,0.4731407630689531
0.6373963221933517,0.19302466127101714
0.6217113343920283,0.27001211407457226
0.3464407923618198,0.49202343214276034
0.06410256410256387,0.48799395273951
0.46683248390946236,0.172145984707528
0.39102564102564213,0.4905647847429916
0.4716172049640625,0.22044783755257397
0.8700951299482794,0.8291512046682225
0.7504966587548081,0.35553376271241677
0.25535882292833106,0.7604476644254141
0.736262947040527,0.48764413776765025
0.31696078867125177,0.5212268770490662
0.999999999999998,0.48799395273951
0.4210703182151926,0.32901191508740824
0.4931011555236328,0.3296251719313277
0.5779695516688959,0.23144969239230923
0.7090906503191932,0.22654246782563542
0.6351120433701926,0.49036619381560276
0.8811963902735327,0.16673492716264615
0.3646477548637547,0.27221729076294243
0.4106358397151645,0.536196705685299
0.43930105231547256,0.4856927220497673
0.5323601273832377,0.4911052779984555
0.2500000000000011,0.4905647847429916
0.7849588247230361,0.16778603527895053
0.4867002993747431,0.36002415491576323
0.5348663854744202,0.481266556108086
0.6681017745568448,0.48994866135665427
0.4153521975678849,0.48915438713671106
0.4835852189648998,0.487968943293482
0.4861143256112469,0.48574804080314155
0.6127697217162019,0.48929480727980795
0.5641025641025652,0.48799395273951
0.4643544497341306,0.4905397752969636
0.37619852334339765,0.3110160910630372
0.3324086054030784,0.4866606946306051
0.6023237711270552,0.4839941058615935
0.5000000000000011,0.48799395273951
0.48392167238990186,0.28993858518665727
0.40123737344387067,0.4865089945709665
0.5637330795610804,0.38879703795581244
0.4914796659338788,0.4878295651318782
0.2983297395061535,0.4860889361903683
0.7475521887807316,0.16484249974207738
0.532051282051283,0.4905647847429916
0.4615384615384626,0.48799395273951
0.39053705295953034,0.2884918598756223
0.7030586892099674,0.3605164808928125
0.557692307692307,0.4905647847429916
0.24729752922309461,0.48919897719823785
0.23717948717948645,0.4905647847429916
0.41934928515067094,0.4868892236605889
0.37179487179487225,0.48799395273951
0.3380802542733635,0.4856578431499719
0.9866170390164176,0.421307371333134
0.3952883475449537,0.4851921214504132
0.3397435897435909,0.4905647847429916
0.5716419821910065,0.4893364512230417
0.7411419323704752,0.17512582775600372
0.7606648258351963,0.7670474281816165
0.7568415713198176,0.4883864789187126
0.5123413250157687,0.37030748292968957
0.4771749625546434,0.4905397752969636
0.8948576788833751,0.21753978018667547
0.06410256410256404,0.48799395273951
0.3866739095177936,0.3161148766262173
0.45356392161844644,0.9948583359930367
0.5753337498787745,0.9426384144990068
0.43421085107802604,0.48620055230624665
0.48867797795081164,0.21408441408734097
0.9999999999999982,0.48799395273951
0.4436158136180083,0.6817327568204543
0.5289353033188999,0.4868315100547774
0.2922819115776506,0.5498887638259501
0.4664077370006493,0.48763047789988545
0.24192640811951732,0.4882286751534535
0.556955447171447,0.3493422508673901
0.5041041419134143,0.47687212938857654
0.4196440252402521,0.487373716798086
0.9999999999999987,0.48799395273951
0.4574668889955653,0.3522082228147392
0.4088943267779749,0.3120534841779195
0.5435765621789349,0.5057183815351394
0.49799339513826946,0.3598618991291873
0.4546396170620944,0.3142001799104382
0.621306283728761,0.38104181200095943
0.576923076923078,0.48799395273951
0.6986972966464036,0.14059103980358778
0.44387398126021316,0.8884167786633042
0.5296890798013238,0.6084269816346937
0.6755099209700028,0.4916482940423371
0.3729240334730578,0.4610572991847443
0.6962904357987796,0.48696227652390583
0.39036167338964123,0.48968838240604723
0.8782051282051284,0.4905647847429916
0.6788964880864545,0.446061194191081
0.5023799066293023,0.48866177102696434
0.36159409013597305,0.4568477285978892
0.4016571879994857,0.487845641692372
0.3190651710536716,0.48776165053458714
0.685897435897435,0.4905647847429916
0.5717259703443709,0.4720468247621851
0.49423940531952737,0.6009231745585247
0.7495208121952559,0.4654282670585083
0.0897435897435902,0.48799395273951
0.3462631182993964,0.48554117891666104
0.24616253767078522,0.19940289772604414
0.8076923076923066,0.48799395273951
0.39248312432826904,0.4862078026062633
0.8858890558708641,0.48996739334772577
0.6006434067124997,0.462488156128038
0.5814360672117652,0.4715464632839056
0.47579408224915254,0.5567902934471756
0.5320512820512833,0.4905647847429916
0.5326187012560197,0.49025099232949165
0.4358974358974369,0.48799395273951
0.3205128205128216,0.48799395273951
0.32304109989367397,0.4782104238507242
0.8321271108712898,0.10938740428017407
0.46940620125134597,0.4862078026062633
0.4145631845851627,0.42008596407753773
0.3561525840207519,0.25806700374363717
0.56362337629782,0.3908741389575423
0.33295363427852404,0.4445435673621544
0.41951906668006644,0.47398472021248844
0.5863933137108597,0.48743546149159794
0.5570283400563079,0.48968838240604723
0.9866170390164176,0.421307371333134
0.4317045150803617,0.31849703148306324
0.6441380022206117,0.09589366646301456
0.5827289474083758,0.5989223012737477
0.3490921551773736,0.4870459033703091
0.6126428459897035,0.2770061416291688
0.624348707855533,0.4878625703765157
0.7605265938023433,0.5218069546066026
0.6175089063946386,0.48632685407509796
0.12179487179487242,0.4905647847429916
0.40881701498258094,0.4855751205962785
0.5181709800024679,0.21892410919467298
0.46153846153846256,0.48799395273951
0.37179487179487286,0.48799395273951
0.37062021476644186,0.7975422606707323
0.16666666666666652,0.48799395273951
0.3654938875301651,0.11974441857500995
0.48172707289735706,0.48916962863606356
0.49658093461105435,0.4872760583895928
0.9926732034507824,0.48764413776765025
0.9866170390164176,0.421307371333134
0.9679487179487181,0.4905647847429916
0.2834449134227922,0.6966535219867271
0.30054767849953046,0.3566047896061991
0.5379823506567943,0.3805908109436159
0.23076923076923006,0.48799395273951
0.16500333119644067,0.4882286751534535
0.07051282051282087,0.4905647847429916
0.5127159516211239,0.4889624905564375
0.4294871794871806,0.4905647847429916
0.4294871794871807,0.4905647847429916
0.5193921968121443,0.4734527369376861
0.4075870962285779,0.4892087029874182
0.41521901720751786,0.4903324825380687
0.6504534405836662,0.4889617478564105
0.4527063819508935,0.5185405364463311
0.8070879217673499,0.5089431811518922
0.3773433241307286,0.5883841888430906
0.7573943893074204,0.3914134623880292
0.4618951138753071,0.264041372327119
0.47669765822633453,0.35992071882518395
0.40572829903651253,0.5389449552759721
0.27659386267583547,0.2986626655046034
0.4318258633545397,0.34192489480081284
0.5121618763440859,0.4899884415032392
0.5512482200277211,0.23495509319049046
0.6751309248968418,0.49000191664927417
0.9999999999999982,0.48799395273951
0.8782051282051273,0.4905647847429916
0.6344624634972252,0.2799788347593243
0.3086451447271175,0.3115168255220113
0.49017848811080955,0.4902954941082153
0.39314295276907896,0.49248165662662496
0.8213971942855031,0.5688213814624687
0.9118966221212602,0.21292265712834513
0.5254881045228663,0.23627469070013735
0.4871794871794884,0.48799395273951
0.32328273221414744,0.515948288587179
0.31997763737712437,0.48733815571264427
0.8559328739169125,0.8086236911350992
0.5659911751959991,0.282904058983292
0.6340812387110312,0.7459839245885829
0.3051542623007839,0.4870556511796079
0.516621988828486,0.4865089945709665
0.9166666666666652,0.4905647847429916
0.5054937162712961,0.48764413776765025
0.5617310952244381,0.49303494084356214
0.7595786828958215,0.9212029182951191
0.3654938875301651,0.20535638973404885
0.35811255489995936,0.5960966848535354
0.31904310308274614,0.006626556904516134
0.4169020184273004,0.4880642823053937
0.6016336941041829,0.48818692871642594
0.3137621533641473,0.48767688625366384
0.551115020317742,0.4889630371109623
0.30128205128205243,0.4905647847429916
0.5615988635473343,0.48647820836771083
0.18410133195701395,0.4881424423004048
0.5125338951205972,0.21709855954666962
0.3006720927223937,0.5779411139154269
0.38900927308144023,0.4858208114270808
0.5113811175466835,0.4855751205962785
0.21689728446679263,0.7758726564463034
0.5966347378481376,0.4851106111501756
0.7729110899045613,0.11385579797618267
0.5807952879418096,0.4896264831830895
0.55118278959128,0.6640551719163812
0.300365511143091,0.48764413776765025
0.999999999999998,0.48799395273951
0.5641025641025647,0.48799395273951
0.7769146968965056,0.4873965613442442
0.7170321778097577,0.4902149697711318
0.5213909248040833,0.48970572093043546
0.6069505403981736,0.49098025200488876
0.4423104839566363,0.9970077341291297
0.7136447797610985,0.3400515533862427
0.43472277886900595,0.7718339406359165
0.9701040806368442,0.4266503504500419
0.6496565170839621,0.1825379369775313
0.6277259404003841,0.4165824589923582
0.8076923076923082,0.48799395273951
0.9999999999999996,0.48799395273951
0.5029365216512296,0.48670666438708776
0.5641025641025654,0.48799395273951
0.6560429097805374,0.4837292558411487
0.2726933251711958,0.8552822055861381
0.36713776710558815,0.538108322678749
0.813346095518974,0.49727816580370965
0.48151794359039934,0.8820538435518452
0.612003099711839,0.4892298763521617
0.8501532401940429,0.12593297157422467
0.42679293589542366,0.4883152294719821
0.4643636838453815,0.3453812085913621
0.480769230769232,0.4905647847429916
0.23568681598425284,0.4586051069970771
0.516427186898851,0.4894540174769922
0.6410256410256416,0.48799395273951
0.5001282882009572,0.504212773950283
0.447201853050265,0.2653934290339745
0.37771072316414833,0.2900896103239653
0.29044660435574843,0.5840692356441466
0.8516475624251418,0.48764413776765025
0.47102742395795316,0.4620768859834808
0.9999999999999982,0.48799395273951
0.5983796659940201,0.48958787036844864
0.45856441211408966,0.3431326254361962
0.5104754496008873,0.48784373027502403
0.6153846153846164,0.48799395273951
0.6502680996659169,0.09065030431627163
0.474468246504524,0.16344856263419688
0.5044036515485258,0.36243273113266894
0.3205128205128216,0.48799395273951
0.36739175774446453,0.5592935904559129
0.45067500178573927,0.9805199970931411
0.4652343210614987,0.48793825314387773
0.5679747751212967,0.4896264831830895
0.5433075113620361,0.9588666879442946
0.30725006343970834,0.42141581704218434
0.7453120203929496,0.8440030647167032
0.4812407791823865,0.49076767015333767
0.14063042227281802,0.6378478905037499
0.30020542425393126,0.5399194564552333
0.4409163649894756,0.26617530772759657
0.6866662968547017,0.5984113397710507
0.46612610726713904,0.9732971966874846
0.4679487179487183,0.4905647847429916
0.01923076923076933,0.4905647847429916
0.31904310308274614,0.006626556904516134
0.5845167407560244,0.4854592578356699
0.910250636924993,0.1992708765151353
0.5389718896353842,0.23035384763064432
0.7427858107992285,0.34307500968443894
0.521598196941365,0.5212148288606749
0.7243589743589735,0.4905647847429916
0.49868553090121814,0.4865835551332295
0.7116477336840112,0.25856934676301563
0.31168074092525244,0.575098840522926
0.46533993754643477,0.4865089945709665
0.46080160101760087,0.3107797708151663
0.6523538885009288,0.4886526054482289
0.600557497702372,0.40099521118489273
0.5502956093682445,0.4993153054377344
0.21234373936814765,0.5593567985121343
0.3768906591063464,0.48915438713671106
0.6666666666666663,0.48799395273951
0.7236025057753844,0.5332698138524519
0.6709080473340674,0.47779292803512674
0.43297023641796123,0.3543126143258797
0.48154851882730654,0.8892096859694772
0.923076923076922,0.48799395273951
0.8774486596215378,0.48699483778978336
0.5488427851537027,0.636628937292183
0.9999999999999982,0.48799395273951
0.22435897435897545,0.4905647847429916
0.9999999999999982,0.48799395273951
0.4287307109035896,0.6515280860126049
0.5728050924580687,0.5297692008781579
0.5270985089436536,0.48877863460974486
0.5341432067373124,0.48555801406745447
0.20407677164627985,0.7810143204532667
0.3525641025641019,0.4905647847429916
0.43602987801586884,0.48664358031535554
0.3654938875301651,0.14542800992272165
0.2958246319066047,0.3063751615150482
0.4715627624411327,0.640580154278086
0.5603749261763119,0.4868892236605889
0.7867427837105494,0.09658180132506156
0.4358974358974369,0.48799395273951
0.4683281474074722,0.5130592176539647
0.6879408889959568,0.49232575512437626
0.43415653404789867,0.49950180618737006
0.4713580785169939,0.4895805079119775
0.3937082595096453,0.4868892236605889
0.7533257648826294,0.4379662664750721
0.24669044108704952,0.4264632068424875
0.5140941840759929,0.4745424013268363
0.49897978133118565,0.5623396578782685
0.5335556050022411,0.4863008345604258
0.3974358974358988,0.48799395273951
0.30868930988037036,0.3554221537623947
0.4230769230769242,0.48799395273951
0.360103520652545,0.4559156351777811
0.3184823820547446,0.6557642696909759
0.506390014859756,0.4637670593477949
0.6192157142579386,0.2633364371776105
0.3816258642770769,0.486240942687529
0.6280896678450895,0.48887435287851544
0.38166868916228136,0.24419703222668246
0.24739121959771676,0.4865089945709665
0.3216324739419266,0.16903674742280828
0.34615384615384726,0.48799395273951
0.986262947040526,0.4902149697711318
0.34242620822759395,0.4868892236605889
0.5438955221487978,0.48649795991116834
0.5523451085135369,0.24306805370947612
0.6531068517387799,0.4747879223222545
0.5037712455973693,0.2583565207913763
0.28740496198985943,0.6317496023612581
0.7107345287479464,0.33022084966703097
0.45512820512820623,0.4905647847429916
0.4423076923076936,0.4905647847429916
0.611200178814533,0.48958787036844864
0.9118966221212602,0.21292265712834513
0.6670986668360056,0.01283834700444314
0.6680740615477697,0.4864162888530493
0.3124478485778547,0.4521643787234184
0.5828872279072393,0.48105977924286625
0.4871794871794865,0.48799395273951
0.5534844413921906,0.4908128912265074
0.5098841620183975,0.48936778462394354
0.47531681648710067,0.486598796632582
0.5304619550069797,0.9606342385233779
0.42307692307692346,0.48799395273951
0.2564102564102575,0.48799395273951
0.5186209052000008,0.4597980812427949
0.5100247403986062,0.4864345817583697
0.6389429445491305,0.4128570912447165
0.6025641025641035,0.48799395273951
0.4166666666666677,0.4905647847429916
0.5194648097257863,0.48608694124901786
0.4001185159199016,0.48946005566407047
0.5223588182677203,0.4026152809342274
0.4780274613743189,0.22301866955605554
0.45446423749220527,0.48968838240604723
0.9370781638776976,0.43733630868385764
0.2480921528530602,0.490121031484293
0.4411330352792624,0.7692631086324349
0.36925682640334806,0.4870556511796079
0.41666666666666796,0.4905647847429916
0.4773962456728398,0.36880454822793685
0.2243642700915553,0.9021896401846126
0.5192307692307685,0.4905647847429916
0.8484319212414818,0.44246663696056354
0.9413911521687313,0.48764413776765025
0.5420384727337191,0.4875005209799031
0.38197581039371,0.4877458354694771
0.4824624939378346,0.21442314462836054
0.3179040401105373,0.4890798265744481
0.339246173273412,0.2600289800029124
0.49674218521041463,0.2950802491936204
0.4814487797340659,0.3968444895559127
0.37820512820512886,0.4905647847429916
0.597999152486328,0.3127472694169483
0.5383086173433791,0.2414163547071005
0.47771507703694177,0.48451024142089777
0.543557325773013,0.48915438713671106
0.5849636375388905,0.48622328644715473
0.493648866516969,0.4868890653211465
0.9999999999999996,0.48799395273951
0.910250636924993,0.1992708765151353
0.7628205128205121,0.4905647847429916
0.5922974258042509,0.4904334023799973
0.7384531584349673,0.4873965613442442
0.47586329730993343,0.48887166656390735
0.6196701620980751,0.47023092574055514
0.5315246836687014,0.49188103569535074
0.5377222363541645,0.4285129462595859
0.6460138642013356,0.48473814785153113
0.4935897435897429,0.4905647847429916
0.7559216683441456,0.43502928407407276
0.40011851591990166,0.48946005566407047
0.6949473732492247,0.49164322570167085
0.9990834598610387,0.4902149697711318
0.6583480353165707,0.486820396417249
0.5064102564102577,0.4905647847429916
0.5065195285558061,0.17630272265160485
0.4926732034507833,0.48764413776765025
0.4140578862643835,0.4865089945709665
0.6216419506767125,0.27483717075236114
0.241872752289754,0.5270369371038219
0.7907396135491743,0.4193291489292293
0.4892714118655176,0.48812884607093604
0.4728101835008941,0.4897527061882261
0.6039992104542807,0.5053736533775438
0.34757079864362117,0.470156238246734
0.5633681913200432,0.45344770463304035
0.2491545186354062,0.564227357126708
0.6073522725010251,0.5353252267225853
0.46153846153846123,0.48799395273951
0.29012082651743826,0.49183319682435467
0.36472064774861557,0.4845467183990841
0.6225410574693262,0.487729182082343
0.5056758836277356,0.43031021660170604
0.5299265723544855,0.4342392776918129
0.20368880985437587,0.4855751205962785
0.5414388970351238,0.48994454880156757
0.4166719623992477,0.8250646800801651
0.219782293698003,0.3036716926928292
0.3205128205128219,0.48799395273951
0.4717130900611768,0.49055451413284107
0.41395226977944743,0.4827965891369146
0.5894828398591413,0.4892046176856905
0.35256410256410387,0.4905647847429916
0.9679487179487162,0.4905647847429916
0.6721148560455698,0.9325962094328588
0.47249527375206635,0.2427078065718166
0.5410866699593831,0.4721749906896695
0.4423104839566363,0.9970077341291297
0.5536640693224575,0.4908474486608228
0.9999999999999996,0.48799395273951
0.31020941434207594,0.8506706744086823
0.7272665170307281,0.19092352331028484
0.4270713961569351,0.3648443792572981
0.496567102163329,0.487373716798086
0.5382632678571828,0.4856157879645629
0.910250636924993,0.1992708765151353
0.6282051282051289,0.48799395273951
0.5689234934685181,0.9452092465024884
0.21619687768456447,0.4235214367781823
0.5616353771503664,0.001120609234641634
0.6080578188353987,0.48764413776765025
0.4748643098386062,0.7328156436359378
0.890798608179217,0.1740550057560593
0.5080405606158136,0.496506614461081
0.7336767734409845,0.18835269130680327
0.4042568354180134,0.14499840647724477
0.31356638699855655,0.004382135812653509
0.4360789098080048,0.49041810191780627
0.29827096472892256,0.7552715204182612
0.8700951299482794,0.8291512046682225
0.21153846153846267,0.4905647847429916
0.5001933053106911,0.48725557525282
0.49265491452799437,0.6174945389864344
0.2941254266886762,0.7709624380500009
0.20844717112857103,0.37746109067066347
0.9990834598610387,0.4902149697711318
0.5698488528768206,0.48968838240604723
0.41710055109238064,0.48641246282598766
0.672272990286408,0.3147958576461415
0.5500425287187585,0.48800126772463576
0.5332500646214358,0.7240048568811698
0.6248592648875377,0.48985840873216757
0.22138200258643592,0.36923744621201576
0.5939668988550201,0.3799071020593998
0.4024680111026909,0.47990628391551987
0.4501253435990518,0.44528297679734385
0.5222301274372625,0.44579136533107544
0.9866170390164176,0.421307371333134
0.518228067912277,0.4865255510551089
0.11538461538461597,0.48799395273951
0.4404863398430043,0.4906739932986265
0.4631735049808705,0.8895115243225087
0.5697759599919598,0.35448391487435327
0.6689320425597979,0.4605680457372763
0.45860211073634616,0.48936778462394354
0.4216298756606362,0.4883283572177604
0.4810340575547199,0.5027751025450894
0.2617690793385875,0.7578768324219325
0.3374298803055056,0.4981815606127246
0.5079145793612154,0.4863008345604258
0.603548878982129,0.4632379153228814
0.2033086714577485,0.48691742144234607
0.41666666666666796,0.4905647847429916
0.326923076923078,0.4905647847429916
0.38450248711549706,0.8832640047207987
0.3126549146434152,0.4903324825380687
0.335215478523692,0.5672241073142695
0.5228311332329846,0.4862755001218444
0.6962701374986803,0.24710912385348813
0.2267453771824689,0.4872774498209748
0.5494953767882322,0.46707854912974756
0.420134262198685,0.4889325649783746
0.6694969433589185,0.47424799145418045
0.33635759260429465,0.31365736793468624
0.8710263303594044,0.4587082251514891
0.9093398701174493,0.4902149697711318
0.8717948717948723,0.48799395273951
0.3716419506767125,0.1745747226165792
0.5938972445449303,0.5066835855865063
0.783397166065392,0.40958253152194707
0.5313144215304213,0.33905892285346373
0.6560719736863279,0.48701703836496707
0.6035169395989124,0.4297750976821643
0.18430188999923663,0.4888043122279377
0.44889942262851756,0.49041810191780627
0.4190534072851151,0.48178168058757165
0.3829287997959748,0.48620055230624665
0.6915037595171771,0.32250835365658626
0.35696775411262843,0.3033035950525924
0.36285128934833,0.49315481304938347
0.3671115987795133,0.5617627243196147
0.7252337930738191,0.47379148234264107
0.6670986668360056,0.01283834700444314
0.4674601298826072,0.3193418439174014
0.28846153846153777,0.4905647847429916
0.5783581848132551,0.5156569813914701
0.3902024353566894,0.48956062775661346
0.4659421130869874,0.34700773911177935
0.823004802062222,0.5781687190911458
0.831061971038534,0.4888747488992098
0.5512820512820522,0.48799395273951
0.613236028458963,0.49176213069851077
0.48212421153961627,0.6327661584669402
0.29454315593240443,0.42782422115099333
0.15215956902674427,0.48620055230624665
0.4807692307692312,0.4905647847429916
0.5817112468599994,0.5970251948061434
0.6639248972717547,0.29757279765702155
0.3205128205128216,0.48799395273951
0.47435897435897534,0.48799395273951
0.4423104839566363,0.9970077341291297
0.41374157344745793,0.4714024738956736
0.3938416292213101,0.487968943293482
0.6418626835046691,0.5055640891821266
0.38338634603035415,0.48889661265792367
0.43589743589743724,0.48799395273951
0.37719273475808857,0.6999732637544395
0.5606696662658931,0.487373716798086
0.5934120767589343,0.2692936456187241
0.7009833246110799,0.47342220575468424
0.47503852332380947,0.39427365755243116
0.43839832095012576,0.15463825042821772
0.7319270352979068,0.6452171058487306
0.6670986668360056,0.01283834700444314
0.35256410256410303,0.4905647847429916
0.604072276050561,0.4561409933796974
0.3533718592188583,0.9003755408099958
0.46580897796778575,0.48731434973875387
0.7793378084170022,0.48856883110026755
0.48843648411062207,0.6221116620447646
0.46568165300193387,0.4885012685479257
0.6925671992010984,0.14583440195033076
0.6467015246533766,0.48686852067830094
0.4230769230769237,0.48799395273951
0.45512820512820645,0.4905647847429916
0.4925870422712514,0.4865255510551089
0.7641011062972151,0.13410207462855606
0.4371646662023181,0.503739207278284
0.46153846153846256,0.48799395273951
0.5525805934974791,0.4643687419781417
0.5057462887742565,0.48968838240604723
0.5670472529389762,0.43093576731269095
0.6147802294596578,0.5860681412563398
0.19230769230769335,0.48799395273951
0.2589901986207995,0.5089447329135518
0.9999999999999987,0.48799395273951
0.4423076923076933,0.4905647847429916
0.49728560311278075,0.49050908514735936
0.4223204544933332,0.6540989180160864
0.35897435897435936,0.48799395273951
0.19596200858033824,0.3749673749391834
0.44871794871795007,0.48799395273951
0.5030692901214266,0.4891912635375207
0.3537285016740338,0.3769688433751686
0.4102564102564116,0.48799395273951
0.4897333232401484,0.4904334023799973
0.19871794871794968,0.4905647847429916
0.6557866145292673,0.17729457483078837
0.36538461538461475,0.4905647847429916
0.5000989673316271,0.45366359116180077
0.8260065367841163,0.48764413776765025
0.46562984317695477,0.03833946369364927
0.47279469084921566,0.9871458399825921
0.8358656642759743,0.6529474201205615
0.6542028061829994,0.3411663324315666
0.41986901593884784,0.48423032298920365
0.40298434977175424,0.5781008608291643
0.47435897435897484,0.48799395273951
0.34476299218386863,0.4947714253121971
0.42307692307692407,0.48799395273951
0.6788827935622219,0.560359821221524
0.6747072272824802,0.48622328644715473
0.33333333333333454,0.48799395273951
0.5654626802605154,0.4910061202592944
0.48369013260043725,0.48838028896028746
0.8501532401940429,0.12593297157422467
0.5906964267783995,0.4246334336752011
0.3910256410256415,0.4905647847429916
0.43423410042720967,0.4882286751534535
0.48717948717948817,0.48799395273951
0.46144188830235233,0.13899749716027404
0.6494430397957466,0.4873102943584285
0.3243850315315532,0.4896264831830895
0.40434249852161597,0.48461914107447346
0.9999999999999996,0.48799395273951
0.7055595200377665,0.4883864789187126
0.4248361831350529,0.48318300247788404
0.9999999999999996,0.48799395273951
0.49358974358974267,0.4905647847429916
0.7671532074206031,0.058968544183682914
0.4551282051282061,0.4905647847429916
0.47551908643915275,0.8897485567237484
0.9118966221212602,0.21292265712834513
0.5194858871867665,0.48642604757888375
0.5227296044028339,0.48558531583197523
0.3747432359510743,0.5905251301356458
0.45177161901935226,0.48829405610723875
0.8205128205128194,0.48799395273951
0.4437428001978705,0.5696444534645835
0.5745806733965608,0.12492368067507703
0.523906303951386,0.6018839957374181
0.5912010730462177,0.48877863460974486
0.401104384451242,0.19216868551427652
0.6089743589743583,0.4905647847429916
0.527732950327056,0.48812884607093604
0.37010828697546194,0.48620055230624665
0.7852894496916205,0.07451227937562183
0.6020827458446788,0.6366318438430957
0.31421183624811433,0.48811201092014267
0.4780455670819474,0.4786777350778534
0.6104853501628322,0.4859698479972449
0.6446634687629098,0.49052986015965777
0.6389445446664812,0.8427285304497993
0.5672953129502876,0.4875216943446466
0.36393696592546654,0.4903324825380687
0.4485650275997894,0.20542470665835827
0.41704609612542093,0.5336258736818175
0.4807692307692318,0.4905647847429916
0.47771573131694145,0.488384344340613
0.44690758810467124,0.38130698925117923
0.3518297297815818,0.36861024851814794
0.4184516882588706,0.6287456682645385
0.43333490693978904,0.4879590222857925
0.2537306498755375,0.8698671720842841
0.0641025641025641,0.48799395273951
0.4611587624836523,0.5314443381168656
0.6039342741841365,0.33748098778198354
0.7567363510210863,0.8599453643842965
0.21231277741453486,0.30724372490414503
0.40650105672521764,0.3855897762312797
0.4585375656964811,0.4895805079119775
0.7338318424874946,0.9356114988492334
0.5384615384615398,0.48799395273951
0.6596520243314528,0.5680723172319687
0.483426873001821,0.5560830944564888
0.5179555665596317,0.4665697031284198
0.6012802101329559,0.22709218705168438
0.42694913409565577,0.4896264831830895
0.7140922975991228,0.4878625703765157
0.48475766400217557,0.5056863764289232
0.2681793357488439,0.7553060004184509
0.6368412044555587,0.48958787036844864
0.4736221138381137,0.3159214348221295
0.6025641025641016,0.48799395273951
0.5750570409263829,0.4750139561631443
0.657828897337241,0.48696227652390583
0.4342394354250395,0.4870036135138277
0.31727550337468746,0.758954776649873
0.9999999999999982,0.48799395273951
0.5705128205128215,0.4905647847429916
0.32343591878595146,0.7903439696960401
0.2564155521428374,0.8893354801672047
0.5157713864758843,0.4619031501112753
0.641800223254921,0.5176407389475671
0.43571468908023514,0.274167979452274
0.10256410256410214,0.48799395273951
0.4242060847551091,0.481623955212597
0.5576923076923083,0.4905647847429916
0.6862540882342815,0.35402049244897454
0.3520755144979918,0.2730668678547328
0.6628102463170715,0.4878625703765157
0.5320512820512825,0.4905647847429916
0.5937060349345777,0.4116423720763096
0.6020755144979918,0.37332931599051467
0.799010688987252,0.4863039168957282
0.43105101728453754,0.15685433324432885
0.3205181162454015,0.8636271601323888
0.6704190251401065,0.48777360140756676
0.2216310513134251,0.5780192154801418
0.5122161268955553,0.6272014533120451
0.3565525357970474,0.557103016498555
0.5931472192254974,0.3931646846839964
0.5901664091668957,0.24144548580547665
0.5192307692307702,0.4905647847429916
0.805065639880365,0.48944777253529126
0.999999999999998,0.48799395273951
0.2289184574587279,0.4887118363029099
0.46791415050132124,0.48957904794841783
0.27602045509977985,0.5901841777584124
0.3575668976186539,0.4879188835799956
0.500000000000001,0.48799395273951
0.3719041439404215,0.12231525057849152
0.45218554424996704,0.48636173297489305
0.532051282051283,0.4905647847429916
0.6616915181465884,0.48737782935317264
0.3205128205128216,0.48799395273951
0.653111781063633,0.4894393526817825
0.10897435897435953,0.4905647847429916
0.4264259422842266,0.2897553780390189
0.3874313728110537,0.4905397752969636
0.3333333333333344,0.48799395273951
0.6257217521836856,0.48905708918058444
0.6484941016258422,0.7783546998163753
0.49826885266206505,0.4871233188632226
0.63689587382564,0.48758643236747207
0.5856763018236815,0.4860335980816365
0.31904310308274614,0.006626556904516134
0.5656014239582305,0.47564619452708073
0.9866170390164176,0.421307371333134
0.7396774002115947,0.6554300174291287
0.9999999999999987,0.48799395273951
0.5236344207792951,0.37014522714311365
0.4016907940451985,0.48821155716903575
0.4662853824784917,0.4856578431499719
0.9990834598610387,0.4902149697711318
0.3616569774583632,0.48946005566407047
0.47435897435897534,0.48799395273951
0.6397183235929017,0.7529511382435494
0.11538461538461514,0.48799395273951
0.5291149312491666,0.48679695262046196
0.44715366520819,0.9974291679965184
0.22351349299438056,0.5745106851406343
0.5068563045028796,0.4891750695327084
0.5383418949190472,0.4268203090036483
0.45751943865424965,0.4947638092198177
0.26299922073483417,0.6303940499945682
0.6172611335948327,0.7214951853870324
0.7861795896937218,0.7167074869115169
0.7323995349747879,0.4887941184506363
0.6135979408907963,0.48764520515760024
0.35324365152893766,0.345427849486281
0.4423104839566363,0.9970077341291297
0.6153846153846148,0.48799395273951
0.9990834598610387,0.4902149697711318
0.4222843120087584,0.5307092859113456
0.29525122433054907,0.5824716817479676
0.43370026344130985,0.4096834854398217
